ComponentName, StatisticName, StatisticSubId, StatisticType, SimTime, Rank, Sum.u64, SumSQ.u64, Count.u64, Min.u64, Max.u64
node_os.cache:memlink, packet_latency, , Accumulator, 1787205980, 0, 1104161, 146725265, 8769, 65, 142
node_os.cache:memlink, send_bit_count, , Accumulator, 1787205980, 0, 2488320, 1269301248, 8768, 64, 576
node_os.cache:memlink, output_port_stalls, , Accumulator, 1787205980, 0, 0, 0, 0, 0, 0
node_os.cache:memlink, idle_time, , Accumulator, 1787205980, 0, 1060860480, 402269004644601850, 882, 4255, 634006395
node_os.cache, default_stat, , Accumulator, 1787205980, 0, 0, 0, 0, 0, 0
node_os.cache, stateEvent_GetS_I, , Accumulator, 1787205980, 0, 0, 0, 0, 0, 0
node_os.cache, stateEvent_GetS_S, , Accumulator, 1787205980, 0, 0, 0, 0, 0, 0
node_os.cache, stateEvent_GetS_M, , Accumulator, 1787205980, 0, 1, 1, 1, 1, 1
node_os.cache, stateEvent_GetX_I, , Accumulator, 1787205980, 0, 3970, 3970, 3970, 1, 1
node_os.cache, stateEvent_GetX_S, , Accumulator, 1787205980, 0, 0, 0, 0, 0, 0
node_os.cache, stateEvent_GetX_M, , Accumulator, 1787205980, 0, 1, 1, 1, 1, 1
node_os.cache, stateEvent_GetSX_I, , Accumulator, 1787205980, 0, 0, 0, 0, 0, 0
node_os.cache, stateEvent_GetSX_S, , Accumulator, 1787205980, 0, 0, 0, 0, 0, 0
node_os.cache, stateEvent_GetSX_M, , Accumulator, 1787205980, 0, 0, 0, 0, 0, 0
node_os.cache, stateEvent_GetSResp_IS, , Accumulator, 1787205980, 0, 0, 0, 0, 0, 0
node_os.cache, stateEvent_GetXResp_IS, , Accumulator, 1787205980, 0, 0, 0, 0, 0, 0
node_os.cache, stateEvent_GetXResp_IM, , Accumulator, 1787205980, 0, 3970, 3970, 3970, 1, 1
node_os.cache, stateEvent_GetXResp_SM, , Accumulator, 1787205980, 0, 0, 0, 0, 0, 0
node_os.cache, stateEvent_Inv_I, , Accumulator, 1787205980, 0, 0, 0, 0, 0, 0
node_os.cache, stateEvent_Inv_S, , Accumulator, 1787205980, 0, 15, 15, 15, 1, 1
node_os.cache, stateEvent_Inv_IS, , Accumulator, 1787205980, 0, 0, 0, 0, 0, 0
node_os.cache, stateEvent_Inv_IM, , Accumulator, 1787205980, 0, 0, 0, 0, 0, 0
node_os.cache, stateEvent_Inv_SM, , Accumulator, 1787205980, 0, 0, 0, 0, 0, 0
node_os.cache, stateEvent_Inv_SB, , Accumulator, 1787205980, 0, 0, 0, 0, 0, 0
node_os.cache, stateEvent_Inv_IB, , Accumulator, 1787205980, 0, 0, 0, 0, 0, 0
node_os.cache, stateEvent_FetchInvX_I, , Accumulator, 1787205980, 0, 0, 0, 0, 0, 0
node_os.cache, stateEvent_FetchInvX_M, , Accumulator, 1787205980, 0, 1341, 1341, 1341, 1, 1
node_os.cache, stateEvent_FetchInvX_IS, , Accumulator, 1787205980, 0, 0, 0, 0, 0, 0
node_os.cache, stateEvent_FetchInvX_IM, , Accumulator, 1787205980, 0, 0, 0, 0, 0, 0
node_os.cache, stateEvent_FetchInvX_SB, , Accumulator, 1787205980, 0, 0, 0, 0, 0, 0
node_os.cache, stateEvent_FetchInvX_IB, , Accumulator, 1787205980, 0, 0, 0, 0, 0, 0
node_os.cache, stateEvent_Fetch_I, , Accumulator, 1787205980, 0, 0, 0, 0, 0, 0
node_os.cache, stateEvent_Fetch_S, , Accumulator, 1787205980, 0, 0, 0, 0, 0, 0
node_os.cache, stateEvent_Fetch_IS, , Accumulator, 1787205980, 0, 0, 0, 0, 0, 0
node_os.cache, stateEvent_Fetch_IM, , Accumulator, 1787205980, 0, 0, 0, 0, 0, 0
node_os.cache, stateEvent_Fetch_SM, , Accumulator, 1787205980, 0, 0, 0, 0, 0, 0
node_os.cache, stateEvent_Fetch_IB, , Accumulator, 1787205980, 0, 0, 0, 0, 0, 0
node_os.cache, stateEvent_Fetch_SB, , Accumulator, 1787205980, 0, 0, 0, 0, 0, 0
node_os.cache, stateEvent_FetchInv_I, , Accumulator, 1787205980, 0, 0, 0, 0, 0, 0
node_os.cache, stateEvent_FetchInv_S, , Accumulator, 1787205980, 0, 0, 0, 0, 0, 0
node_os.cache, stateEvent_FetchInv_M, , Accumulator, 1787205980, 0, 47, 47, 47, 1, 1
node_os.cache, stateEvent_FetchInv_IS, , Accumulator, 1787205980, 0, 0, 0, 0, 0, 0
node_os.cache, stateEvent_FetchInv_IM, , Accumulator, 1787205980, 0, 0, 0, 0, 0, 0
node_os.cache, stateEvent_FetchInv_SM, , Accumulator, 1787205980, 0, 0, 0, 0, 0, 0
node_os.cache, stateEvent_FetchInv_SB, , Accumulator, 1787205980, 0, 0, 0, 0, 0, 0
node_os.cache, stateEvent_FetchInv_IB, , Accumulator, 1787205980, 0, 0, 0, 0, 0, 0
node_os.cache, stateEvent_ForceInv_I, , Accumulator, 1787205980, 0, 0, 0, 0, 0, 0
node_os.cache, stateEvent_ForceInv_S, , Accumulator, 1787205980, 0, 0, 0, 0, 0, 0
node_os.cache, stateEvent_ForceInv_M, , Accumulator, 1787205980, 0, 0, 0, 0, 0, 0
node_os.cache, stateEvent_ForceInv_IS, , Accumulator, 1787205980, 0, 0, 0, 0, 0, 0
node_os.cache, stateEvent_ForceInv_IM, , Accumulator, 1787205980, 0, 0, 0, 0, 0, 0
node_os.cache, stateEvent_ForceInv_SM, , Accumulator, 1787205980, 0, 0, 0, 0, 0, 0
node_os.cache, stateEvent_ForceInv_SB, , Accumulator, 1787205980, 0, 0, 0, 0, 0, 0
node_os.cache, stateEvent_ForceInv_IB, , Accumulator, 1787205980, 0, 0, 0, 0, 0, 0
node_os.cache, stateEvent_FlushLine_I, , Accumulator, 1787205980, 0, 0, 0, 0, 0, 0
node_os.cache, stateEvent_FlushLine_S, , Accumulator, 1787205980, 0, 0, 0, 0, 0, 0
node_os.cache, stateEvent_FlushLine_M, , Accumulator, 1787205980, 0, 0, 0, 0, 0, 0
node_os.cache, stateEvent_FlushLineInv_I, , Accumulator, 1787205980, 0, 0, 0, 0, 0, 0
node_os.cache, stateEvent_FlushLineInv_S, , Accumulator, 1787205980, 0, 0, 0, 0, 0, 0
node_os.cache, stateEvent_FlushLineInv_M, , Accumulator, 1787205980, 0, 0, 0, 0, 0, 0
node_os.cache, stateEvent_FlushLineResp_I, , Accumulator, 1787205980, 0, 0, 0, 0, 0, 0
node_os.cache, stateEvent_FlushLineResp_IB, , Accumulator, 1787205980, 0, 0, 0, 0, 0, 0
node_os.cache, stateEvent_FlushLineResp_SB, , Accumulator, 1787205980, 0, 0, 0, 0, 0, 0
node_os.cache, eventSent_GetS, , Accumulator, 1787205980, 0, 0, 0, 0, 0, 0
node_os.cache, eventSent_GetX, , Accumulator, 1787205980, 0, 3970, 3970, 3970, 1, 1
node_os.cache, eventSent_GetSX, , Accumulator, 1787205980, 0, 0, 0, 0, 0, 0
node_os.cache, eventSent_Write, , Accumulator, 1787205980, 0, 0, 0, 0, 0, 0
node_os.cache, eventSent_PutM, , Accumulator, 1787205980, 0, 2377, 2377, 2377, 1, 1
node_os.cache, eventSent_NACK, , Accumulator, 1787205980, 0, 0, 0, 0, 0, 0
node_os.cache, eventSent_FlushLine, , Accumulator, 1787205980, 0, 0, 0, 0, 0, 0
node_os.cache, eventSent_FlushLineInv, , Accumulator, 1787205980, 0, 0, 0, 0, 0, 0
node_os.cache, eventSent_FetchResp, , Accumulator, 1787205980, 0, 47, 47, 47, 1, 1
node_os.cache, eventSent_FetchXResp, , Accumulator, 1787205980, 0, 1341, 1341, 1341, 1, 1
node_os.cache, eventSent_AckInv, , Accumulator, 1787205980, 0, 15, 15, 15, 1, 1
node_os.cache, eventSent_GetSResp, , Accumulator, 1787205980, 0, 1, 1, 1, 1, 1
node_os.cache, eventSent_GetXResp, , Accumulator, 1787205980, 0, 0, 0, 0, 0, 0
node_os.cache, eventSent_WriteResp, , Accumulator, 1787205980, 0, 3971, 3971, 3971, 1, 1
node_os.cache, eventSent_FlushLineResp, , Accumulator, 1787205980, 0, 0, 0, 0, 0, 0
node_os.cache, eventSent_Put, , Accumulator, 1787205980, 0, 0, 0, 0, 0, 0
node_os.cache, eventSent_Get, , Accumulator, 1787205980, 0, 0, 0, 0, 0, 0
node_os.cache, eventSent_AckMove, , Accumulator, 1787205980, 0, 0, 0, 0, 0, 0
node_os.cache, eventSent_CustomReq, , Accumulator, 1787205980, 0, 0, 0, 0, 0, 0
node_os.cache, eventSent_CustomResp, , Accumulator, 1787205980, 0, 0, 0, 0, 0, 0
node_os.cache, eventSent_CustomAck, , Accumulator, 1787205980, 0, 0, 0, 0, 0, 0
node_os.cache, EventStalledForLockedCacheline, , Accumulator, 1787205980, 0, 0, 0, 0, 0, 0
node_os.cache, evict_I, , Accumulator, 1787205980, 0, 574, 574, 574, 1, 1
node_os.cache, evict_S, , Accumulator, 1787205980, 0, 1019, 1019, 1019, 1, 1
node_os.cache, evict_M, , Accumulator, 1787205980, 0, 2377, 2377, 2377, 1, 1
node_os.cache, evict_IS, , Accumulator, 1787205980, 0, 0, 0, 0, 0, 0
node_os.cache, evict_IM, , Accumulator, 1787205980, 0, 0, 0, 0, 0, 0
node_os.cache, evict_SM, , Accumulator, 1787205980, 0, 0, 0, 0, 0, 0
node_os.cache, evict_SB, , Accumulator, 1787205980, 0, 0, 0, 0, 0, 0
node_os.cache, latency_GetS_hit, , Accumulator, 1787205980, 0, 3, 9, 1, 3, 3
node_os.cache, latency_GetS_miss, , Accumulator, 1787205980, 0, 0, 0, 0, 0, 0
node_os.cache, latency_GetX_hit, , Accumulator, 1787205980, 0, 3, 9, 1, 3, 3
node_os.cache, latency_GetX_miss, , Accumulator, 1787205980, 0, 7468205, 14651504601, 3970, 845, 4016
node_os.cache, latency_GetX_upgrade, , Accumulator, 1787205980, 0, 0, 0, 0, 0, 0
node_os.cache, latency_GetSX_hit, , Accumulator, 1787205980, 0, 0, 0, 0, 0, 0
node_os.cache, latency_GetSX_miss, , Accumulator, 1787205980, 0, 0, 0, 0, 0, 0
node_os.cache, latency_GetSX_upgrade, , Accumulator, 1787205980, 0, 0, 0, 0, 0, 0
node_os.cache, latency_FlushLine, , Accumulator, 1787205980, 0, 0, 0, 0, 0, 0
node_os.cache, latency_FlushLine_fail, , Accumulator, 1787205980, 0, 0, 0, 0, 0, 0
node_os.cache, latency_FlushLineInv, , Accumulator, 1787205980, 0, 0, 0, 0, 0, 0
node_os.cache, latency_FlushLineInv_fail, , Accumulator, 1787205980, 0, 0, 0, 0, 0, 0
node_os.cache, GetSHit_Arrival, , Accumulator, 1787205980, 0, 1, 1, 1, 1, 1
node_os.cache, GetXHit_Arrival, , Accumulator, 1787205980, 0, 1, 1, 1, 1, 1
node_os.cache, GetSXHit_Arrival, , Accumulator, 1787205980, 0, 0, 0, 0, 0, 0
node_os.cache, GetSHit_Blocked, , Accumulator, 1787205980, 0, 0, 0, 0, 0, 0
node_os.cache, GetXHit_Blocked, , Accumulator, 1787205980, 0, 0, 0, 0, 0, 0
node_os.cache, GetSXHit_Blocked, , Accumulator, 1787205980, 0, 0, 0, 0, 0, 0
node_os.cache, GetSMiss_Arrival, , Accumulator, 1787205980, 0, 0, 0, 0, 0, 0
node_os.cache, GetXMiss_Arrival, , Accumulator, 1787205980, 0, 3970, 3970, 3970, 1, 1
node_os.cache, GetSXMiss_Arrival, , Accumulator, 1787205980, 0, 0, 0, 0, 0, 0
node_os.cache, GetSMiss_Blocked, , Accumulator, 1787205980, 0, 0, 0, 0, 0, 0
node_os.cache, GetXMiss_Blocked, , Accumulator, 1787205980, 0, 0, 0, 0, 0, 0
node_os.cache, GetSXMiss_Blocked, , Accumulator, 1787205980, 0, 0, 0, 0, 0, 0
node_os.cache, CacheHits, , Accumulator, 1787205980, 0, 2, 2, 2, 1, 1
node_os.cache, CacheMisses, , Accumulator, 1787205980, 0, 3970, 3970, 3970, 1, 1
node_os.cache, stateEvent_AckPut_I, , Accumulator, 1787205980, 0, 3396, 3396, 3396, 1, 1
node_os.cache, eventSent_PutS, , Accumulator, 1787205980, 0, 1019, 1019, 1019, 1, 1
node_os.cache, eventSent_PutE, , Accumulator, 1787205980, 0, 0, 0, 0, 0, 0
node_os.cache, stateEvent_GetS_E, , Accumulator, 1787205980, 0, 0, 0, 0, 0, 0
node_os.cache, stateEvent_GetX_E, , Accumulator, 1787205980, 0, 0, 0, 0, 0, 0
node_os.cache, stateEvent_GetSX_E, , Accumulator, 1787205980, 0, 0, 0, 0, 0, 0
node_os.cache, stateEvent_FlushLine_E, , Accumulator, 1787205980, 0, 0, 0, 0, 0, 0
node_os.cache, stateEvent_FlushLineInv_E, , Accumulator, 1787205980, 0, 0, 0, 0, 0, 0
node_os.cache, stateEvent_FetchInv_E, , Accumulator, 1787205980, 0, 0, 0, 0, 0, 0
node_os.cache, stateEvent_ForceInv_E, , Accumulator, 1787205980, 0, 0, 0, 0, 0, 0
node_os.cache, stateEvent_FetchInvX_E, , Accumulator, 1787205980, 0, 0, 0, 0, 0, 0
node_os.cache, evict_E, , Accumulator, 1787205980, 0, 0, 0, 0, 0, 0
node_os.cache, TotalEventsReceived, , Accumulator, 1787205980, 0, 12741, 12741, 12741, 1, 1
node_os.cache, TotalEventsReplayed, , Accumulator, 1787205980, 0, 0, 0, 0, 0, 0
node_os.cache, Put_uncache_recv, , Accumulator, 1787205980, 0, 0, 0, 0, 0, 0
node_os.cache, Get_uncache_recv, , Accumulator, 1787205980, 0, 0, 0, 0, 0, 0
node_os.cache, AckMove_uncache_recv, , Accumulator, 1787205980, 0, 0, 0, 0, 0, 0
node_os.cache, GetS_uncache_recv, , Accumulator, 1787205980, 0, 0, 0, 0, 0, 0
node_os.cache, Write_uncache_recv, , Accumulator, 1787205980, 0, 0, 0, 0, 0, 0
node_os.cache, GetSX_uncache_recv, , Accumulator, 1787205980, 0, 0, 0, 0, 0, 0
node_os.cache, GetSResp_uncache_recv, , Accumulator, 1787205980, 0, 0, 0, 0, 0, 0
node_os.cache, WriteResp_uncache_recv, , Accumulator, 1787205980, 0, 0, 0, 0, 0, 0
node_os.cache, CustomReq_uncache_recv, , Accumulator, 1787205980, 0, 0, 0, 0, 0, 0
node_os.cache, CustomResp_uncache_recv, , Accumulator, 1787205980, 0, 0, 0, 0, 0, 0
node_os.cache, CustomAck_uncache_recv, , Accumulator, 1787205980, 0, 0, 0, 0, 0, 0
node_os.cache, NULLCMD_recv, , Accumulator, 1787205980, 0, 0, 0, 0, 0, 0
node_os.cache, GetS_recv, , Accumulator, 1787205980, 0, 1, 1, 1, 1, 1
node_os.cache, GetX_recv, , Accumulator, 1787205980, 0, 0, 0, 0, 0, 0
node_os.cache, GetSX_recv, , Accumulator, 1787205980, 0, 0, 0, 0, 0, 0
node_os.cache, Write_recv, , Accumulator, 1787205980, 0, 3971, 3971, 3971, 1, 1
node_os.cache, FlushLine_recv, , Accumulator, 1787205980, 0, 0, 0, 0, 0, 0
node_os.cache, FlushLineInv_recv, , Accumulator, 1787205980, 0, 0, 0, 0, 0, 0
node_os.cache, GetSResp_recv, , Accumulator, 1787205980, 0, 0, 0, 0, 0, 0
node_os.cache, GetXResp_recv, , Accumulator, 1787205980, 0, 3970, 3970, 3970, 1, 1
node_os.cache, FlushLineResp_recv, , Accumulator, 1787205980, 0, 0, 0, 0, 0, 0
node_os.cache, Inv_recv, , Accumulator, 1787205980, 0, 15, 15, 15, 1, 1
node_os.cache, ForceInv_recv, , Accumulator, 1787205980, 0, 0, 0, 0, 0, 0
node_os.cache, Fetch_recv, , Accumulator, 1787205980, 0, 0, 0, 0, 0, 0
node_os.cache, FetchInv_recv, , Accumulator, 1787205980, 0, 47, 47, 47, 1, 1
node_os.cache, FetchInvX_recv, , Accumulator, 1787205980, 0, 1341, 1341, 1341, 1, 1
node_os.cache, NACK_recv, , Accumulator, 1787205980, 0, 0, 0, 0, 0, 0
node_os.cache, AckPut_recv, , Accumulator, 1787205980, 0, 3396, 3396, 3396, 1, 1
node_os.cache, MSHR_occupancy, , Accumulator, 1787205980, 0, 7456295, 43921123, 4108519, 0, 6
node_os.cache, Bank_conflicts, , Accumulator, 1787205980, 0, 0, 0, 0, 0, 0
chiprtr, send_bit_count, port0, Accumulator, 1787205980, 0, 1013696, 583036928, 1783, 64, 576
chiprtr, send_packet_count, port0, Accumulator, 1787205980, 0, 1783, 1783, 1783, 1, 1
chiprtr, output_port_stalls, port0, Accumulator, 1787205980, 0, 0, 0, 0, 0, 0
chiprtr, idle_time, port0, Accumulator, 1787205980, 0, 1658880000, 97521957504000000, 953, 144000, 259704000
chiprtr, width_adj_count, port0, Accumulator, 1787205980, 0, 0, 0, 0, 0, 0
chiprtr, send_bit_count, port1, Accumulator, 1787205980, 0, 2604096, 1277595648, 10553, 64, 576
chiprtr, send_packet_count, port1, Accumulator, 1787205980, 0, 10553, 10553, 10553, 1, 1
chiprtr, output_port_stalls, port1, Accumulator, 1787205980, 0, 0, 0, 0, 0, 0
chiprtr, idle_time, port1, Accumulator, 1787205980, 0, 1027389980, 91922206371120400, 1521, 21980, 259704000
chiprtr, width_adj_count, port1, Accumulator, 1787205980, 0, 0, 0, 0, 0, 0
chiprtr, send_bit_count, port2, Accumulator, 1787205980, 0, 3810880, 2115702784, 8769, 64, 576
chiprtr, send_packet_count, port2, Accumulator, 1787205980, 0, 8769, 8769, 8769, 1, 1
chiprtr, output_port_stalls, port2, Accumulator, 1787205980, 0, 0, 0, 0, 0, 0
chiprtr, idle_time, port2, Accumulator, 1787205980, 0, 1155888000, 402858095616000000, 865, 144000, 634392000
chiprtr, width_adj_count, port2, Accumulator, 1787205980, 0, 0, 0, 0, 0, 0
chiprtr, xbar_stalls, port0, Accumulator, 1787205980, 0, 141, 141, 141, 1, 1
chiprtr, xbar_stalls, port1, Accumulator, 1787205980, 0, 0, 0, 0, 0, 0
chiprtr, xbar_stalls, port2, Accumulator, 1787205980, 0, 172, 172, 172, 1, 1
dirctrl:cpulink, packet_latency, , Accumulator, 1787205980, 0, 2062858, 554755696, 10553, 3, 820
dirctrl:cpulink, send_bit_count, , Accumulator, 1787205980, 0, 4825152, 2699071488, 10553, 64, 576
dirctrl:cpulink, output_port_stalls, , Accumulator, 1787205980, 0, 0, 0, 0, 0, 0
dirctrl:cpulink, idle_time, , Accumulator, 1787205980, 0, 913703000, 91771963885000000, 1520, 65000, 259625000
dirctrl, default_stat, , Accumulator, 1787205980, 0, 0, 0, 0, 0, 0
dirctrl, replacement_request_latency, , Accumulator, 1787205980, 0, 6792, 13584, 3396, 2, 2
dirctrl, get_request_latency, , Accumulator, 1787205980, 0, 691813, 340993751, 5751, 2, 1515
dirctrl, directory_cache_hits, , Accumulator, 1787205980, 0, 9148, 9148, 9148, 1, 1
dirctrl, mshr_hits, , Accumulator, 1787205980, 0, 0, 0, 0, 0, 0
dirctrl, GetX_recv, , Accumulator, 1787205980, 0, 4097, 4097, 4097, 1, 1
dirctrl, GetS_recv, , Accumulator, 1787205980, 0, 1653, 1653, 1653, 1, 1
dirctrl, GetSX_recv, , Accumulator, 1787205980, 0, 2, 2, 2, 1, 1
dirctrl, Write_recv, , Accumulator, 1787205980, 0, 0, 0, 0, 0, 0
dirctrl, PutM_recv, , Accumulator, 1787205980, 0, 2377, 2377, 2377, 1, 1
dirctrl, PutX_recv, , Accumulator, 1787205980, 0, 0, 0, 0, 0, 0
dirctrl, PutE_recv, , Accumulator, 1787205980, 0, 0, 0, 0, 0, 0
dirctrl, PutS_recv, , Accumulator, 1787205980, 0, 1019, 1019, 1019, 1, 1
dirctrl, NACK_recv, , Accumulator, 1787205980, 0, 0, 0, 0, 0, 0
dirctrl, FetchResp_recv, , Accumulator, 1787205980, 0, 50, 50, 50, 1, 1
dirctrl, FetchXResp_recv, , Accumulator, 1787205980, 0, 1340, 1340, 1340, 1, 1
dirctrl, GetSResp_recv, , Accumulator, 1787205980, 0, 0, 0, 0, 0, 0
dirctrl, GetXResp_recv, , Accumulator, 1787205980, 0, 4338, 4338, 4338, 1, 1
dirctrl, WriteResp_recv, , Accumulator, 1787205980, 0, 0, 0, 0, 0, 0
dirctrl, ForceInv_recv, , Accumulator, 1787205980, 0, 0, 0, 0, 0, 0
dirctrl, FetchInv_recv, , Accumulator, 1787205980, 0, 0, 0, 0, 0, 0
dirctrl, AckInv_recv, , Accumulator, 1787205980, 0, 15, 15, 15, 1, 1
dirctrl, FlushLine_recv, , Accumulator, 1787205980, 0, 0, 0, 0, 0, 0
dirctrl, FlushLineInv_recv, , Accumulator, 1787205980, 0, 0, 0, 0, 0, 0
dirctrl, FlushLineResp_recv, , Accumulator, 1787205980, 0, 0, 0, 0, 0, 0
dirctrl, GetS_uncache_recv, , Accumulator, 1787205980, 0, 0, 0, 0, 0, 0
dirctrl, Write_uncache_recv, , Accumulator, 1787205980, 0, 0, 0, 0, 0, 0
dirctrl, GetSX_uncache_recv, , Accumulator, 1787205980, 0, 0, 0, 0, 0, 0
dirctrl, GetSResp_uncache_recv, , Accumulator, 1787205980, 0, 0, 0, 0, 0, 0
dirctrl, WriteResp_uncache_recv, , Accumulator, 1787205980, 0, 0, 0, 0, 0, 0
dirctrl, CustomReq_uncache_recv, , Accumulator, 1787205980, 0, 0, 0, 0, 0, 0
dirctrl, CustomResp_uncache_recv, , Accumulator, 1787205980, 0, 0, 0, 0, 0, 0
dirctrl, CustomAck_uncache_recv, , Accumulator, 1787205980, 0, 0, 0, 0, 0, 0
dirctrl, eventSent_GetS, , Accumulator, 1787205980, 0, 312, 312, 312, 1, 1
dirctrl, eventSent_GetX, , Accumulator, 1787205980, 0, 4024, 4024, 4024, 1, 1
dirctrl, eventSent_GetSX, , Accumulator, 1787205980, 0, 2, 2, 2, 1, 1
dirctrl, eventSent_Write, , Accumulator, 1787205980, 0, 0, 0, 0, 0, 0
dirctrl, eventSent_PutM, , Accumulator, 1787205980, 0, 3766, 3766, 3766, 1, 1
dirctrl, eventSent_Inv, , Accumulator, 1787205980, 0, 15, 15, 15, 1, 1
dirctrl, eventSent_FetchInv, , Accumulator, 1787205980, 0, 50, 50, 50, 1, 1
dirctrl, eventSent_FetchInvX, , Accumulator, 1787205980, 0, 1341, 1341, 1341, 1, 1
dirctrl, eventSent_ForceInv, , Accumulator, 1787205980, 0, 0, 0, 0, 0, 0
dirctrl, eventSent_NACK, , Accumulator, 1787205980, 0, 0, 0, 0, 0, 0
dirctrl, eventSent_GetSResp, , Accumulator, 1787205980, 0, 1340, 1340, 1340, 1, 1
dirctrl, eventSent_GetXResp, , Accumulator, 1787205980, 0, 4411, 4411, 4411, 1, 1
dirctrl, eventSent_WriteResp, , Accumulator, 1787205980, 0, 0, 0, 0, 0, 0
dirctrl, eventSent_FetchResp, , Accumulator, 1787205980, 0, 0, 0, 0, 0, 0
dirctrl, eventSent_AckInv, , Accumulator, 1787205980, 0, 0, 0, 0, 0, 0
dirctrl, eventSent_AckPut, , Accumulator, 1787205980, 0, 3396, 3396, 3396, 1, 1
dirctrl, eventSent_FlushLine, , Accumulator, 1787205980, 0, 0, 0, 0, 0, 0
dirctrl, eventSent_FlushLineInv, , Accumulator, 1787205980, 0, 0, 0, 0, 0, 0
dirctrl, eventSent_FlushLineResp, , Accumulator, 1787205980, 0, 0, 0, 0, 0, 0
dirctrl, eventSent_read_directory_entry, , Accumulator, 1787205980, 0, 0, 0, 0, 0, 0
dirctrl, eventSent_write_directory_entry, , Accumulator, 1787205980, 0, 0, 0, 0, 0, 0
dirctrl, MSHR_occupancy, , Accumulator, 1787205980, 0, 680461, 1492969, 1787120, 0, 8
memory, requests_received_GetS, , Accumulator, 1787205980, 0, 312, 312, 312, 1, 1
memory, requests_received_GetSX, , Accumulator, 1787205980, 0, 2, 2, 2, 1, 1
memory, requests_received_GetX, , Accumulator, 1787205980, 0, 4024, 4024, 4024, 1, 1
memory, requests_received_Write, , Accumulator, 1787205980, 0, 0, 0, 0, 0, 0
memory, requests_received_PutM, , Accumulator, 1787205980, 0, 3766, 3766, 3766, 1, 1
memory, outstanding_requests, , Accumulator, 1787205980, 0, 24312, 24312, 4108519, 0, 1
memory, latency_GetS, , Accumulator, 1787205980, 0, 936, 2808, 312, 3, 3
memory, latency_GetSX, , Accumulator, 1787205980, 0, 6, 18, 2, 3, 3
memory, latency_GetX, , Accumulator, 1787205980, 0, 12072, 36216, 4024, 3, 3
memory, latency_Write, , Accumulator, 1787205980, 0, 0, 0, 0, 0, 0
memory, latency_PutM, , Accumulator, 1787205980, 0, 11298, 33894, 3766, 3, 3
memory, cycles_with_issue, , Accumulator, 1787205980, 0, 8104, 8104, 8104, 1, 1
memory, cycles_attempted_issue_but_rejected, , Accumulator, 1787205980, 0, 0, 0, 0, 0, 0
memory, total_cycles, , Accumulator, 1787205980, 0, 4108519, 16879928373361, 1, 4108519, 4108519
node0.cpu0:decoder0:branch_unit, branch_cache_hit, 1, Accumulator, 1787205980, 0, 127927, 127927, 127927, 1, 1
node0.cpu0:decoder0:branch_unit, branch_cache_miss, 1, Accumulator, 1787205980, 0, 8666, 8666, 8666, 1, 1
node0.cpu0:decoder0:branch_unit, branch_cache_castout, 1, Accumulator, 1787205980, 0, 1806, 1806, 1806, 1, 1
node0.cpu0:decoder0, uop_cache_hit, 1, Accumulator, 1787205980, 0, 25701551, 25701551, 25701551, 1, 1
node0.cpu0:decoder0, predecode_cache_hit, 1, Accumulator, 1787205980, 0, 11777, 11777, 11777, 1, 1
node0.cpu0:decoder0, predecode_cache_miss, 1, Accumulator, 1787205980, 0, 3577355, 3577355, 3577355, 1, 1
node0.cpu0:decoder0, uops_generated, 1, Accumulator, 1787205980, 0, 0, 0, 0, 0, 0
node0.cpu0:decoder0, decode_faults, 1, Accumulator, 1787205980, 0, 0, 0, 0, 0, 0
node0.cpu0:decoder0, ins_bytes_loaded, 1, Accumulator, 1787205980, 0, 14309420, 57237680, 3577355, 4, 4
node0.cpu0:decoder0, uop_delayed_rob_full, 1, Accumulator, 1787205980, 0, 24839670, 24839670, 24839670, 1, 1
node0.cpu0:lsq, loads_issued, 1, Accumulator, 1787205980, 0, 102542, 102542, 102542, 1, 1
node0.cpu0:lsq, stores_issued, 1, Accumulator, 1787205980, 0, 16208, 16208, 16208, 1, 1
node0.cpu0:lsq, bytes_read, 1, Accumulator, 1787205980, 0, 455501, 2366491, 101768, 1, 8
node0.cpu0:lsq, bytes_stored, 1, Accumulator, 1787205980, 0, 84620, 523318, 15397, 1, 8
node0.cpu0:lsq, fences_issued, 1, Accumulator, 1787205980, 0, 108, 108, 108, 1, 1
node0.cpu0:lsq, loads_executed, 1, Accumulator, 1787205980, 0, 95275, 95275, 95275, 1, 1
node0.cpu0:lsq, stores_executed, 1, Accumulator, 1787205980, 0, 15373, 15373, 15373, 1, 1
node0.cpu0:lsq, fences_executed, 1, Accumulator, 1787205980, 0, 107, 107, 107, 1, 1
node0.cpu0:lsq, store_buffer_entries, 1, Accumulator, 1787205980, 0, 63938, 82058, 4108519, 0, 8
node0.cpu0:lsq, stores_in_flight, 1, Accumulator, 1787205980, 0, 2474326, 233371646, 4108519, 0, 259
node0.cpu0:lsq, loads_in_flight, 1, Accumulator, 1787205980, 0, 4225337, 8910585, 4108519, 0, 15
node0.cpu0:lsq, operations_pending, , Accumulator, 1787205980, 0, 219824, 481238, 4108519, 0, 12
node0.cpu0, instructions_retired, 1, Accumulator, 1787205980, 0, 382055, 573033, 4108519, 0, 4
node0.cpu0, instructions_decoded, 1, Accumulator, 1787205980, 0, 862447, 4470339, 4108519, 0, 16
node0.cpu0, instructions_issued, 1, Accumulator, 1787205980, 0, 432914, 625726, 4108519, 0, 6
node0.cpu0, loads_issued, 1, Accumulator, 1787205980, 0, 102542, 102542, 102542, 1, 1
node0.cpu0, stores_issued, 1, Accumulator, 1787205980, 0, 16208, 16208, 16208, 1, 1
node0.cpu0, branch_mispredicts, 1, Accumulator, 1787205980, 0, 8113, 8113, 8113, 1, 1
node0.cpu0, branches, 1, Accumulator, 1787205980, 0, 44549, 44549, 44549, 1, 1
node0.cpu0, cycles, 1, Accumulator, 1787205980, 0, 4108519, 4108519, 4108519, 1, 1
node0.cpu0, rob_slots_in_use, 1, Accumulator, 1787205980, 0, 203580614, 12726070018, 4108519, 0, 63
node0.cpu0, rob_cleared_entries, 1, Accumulator, 1787205980, 0, 480373, 29222779, 8113, 0, 62
node0.cpu0, syscall-cycles, 1, Accumulator, 1787205980, 0, 198553, 198553, 198553, 1, 1
node0.cpu0, phys_int_reg_in_use, 1, Accumulator, 1787205980, 0, 161641462, 6393718938, 4108519, 36, 54
node0.cpu0, phys_fp_reg_in_use, 1, Accumulator, 1787205980, 0, 135581127, 4474177191, 4108519, 33, 33
node0.cpu0.l1dcache, prefetch_opportunities, , Accumulator, 1787205980, 0, 29284, 29284, 29284, 1, 1
node0.cpu0.l1dcache, prefetches_issued, , Accumulator, 1787205980, 0, 1593, 1593, 1593, 1, 1
node0.cpu0.l1dcache, prefetches_canceled_by_page_boundary, , Accumulator, 1787205980, 0, 284, 284, 284, 1, 1
node0.cpu0.l1dcache, prefetches_canceled_by_history, , Accumulator, 1787205980, 0, 27691, 27691, 27691, 1, 1
node0.cpu0.l1dcache, Prefetch_requests, , Accumulator, 1787205980, 0, 1593, 1593, 1593, 1, 1
node0.cpu0.l1dcache, Prefetch_drops, , Accumulator, 1787205980, 0, 20, 20, 20, 1, 1
node0.cpu0.l1dcache, default_stat, , Accumulator, 1787205980, 0, 0, 0, 0, 0, 0
node0.cpu0.l1dcache, stateEvent_GetS_I, , Accumulator, 1787205980, 0, 1153, 1153, 1153, 1, 1
node0.cpu0.l1dcache, stateEvent_GetS_S, , Accumulator, 1787205980, 0, 11110, 11110, 11110, 1, 1
node0.cpu0.l1dcache, stateEvent_GetS_M, , Accumulator, 1787205980, 0, 90850, 90850, 90850, 1, 1
node0.cpu0.l1dcache, stateEvent_GetX_I, , Accumulator, 1787205980, 0, 113, 113, 113, 1, 1
node0.cpu0.l1dcache, stateEvent_GetX_S, , Accumulator, 1787205980, 0, 19, 19, 19, 1, 1
node0.cpu0.l1dcache, stateEvent_GetX_M, , Accumulator, 1787205980, 0, 15208, 15208, 15208, 1, 1
node0.cpu0.l1dcache, stateEvent_GetSX_I, , Accumulator, 1787205980, 0, 3, 3, 3, 1, 1
node0.cpu0.l1dcache, stateEvent_GetSX_S, , Accumulator, 1787205980, 0, 0, 0, 0, 0, 0
node0.cpu0.l1dcache, stateEvent_GetSX_M, , Accumulator, 1787205980, 0, 22, 22, 22, 1, 1
node0.cpu0.l1dcache, stateEvent_GetSResp_IS, , Accumulator, 1787205980, 0, 1027, 1027, 1027, 1, 1
node0.cpu0.l1dcache, stateEvent_GetXResp_IS, , Accumulator, 1787205980, 0, 126, 126, 126, 1, 1
node0.cpu0.l1dcache, stateEvent_GetXResp_IM, , Accumulator, 1787205980, 0, 116, 116, 116, 1, 1
node0.cpu0.l1dcache, stateEvent_GetXResp_SM, , Accumulator, 1787205980, 0, 19, 19, 19, 1, 1
node0.cpu0.l1dcache, stateEvent_Inv_I, , Accumulator, 1787205980, 0, 0, 0, 0, 0, 0
node0.cpu0.l1dcache, stateEvent_Inv_S, , Accumulator, 1787205980, 0, 0, 0, 0, 0, 0
node0.cpu0.l1dcache, stateEvent_Inv_IS, , Accumulator, 1787205980, 0, 0, 0, 0, 0, 0
node0.cpu0.l1dcache, stateEvent_Inv_IM, , Accumulator, 1787205980, 0, 0, 0, 0, 0, 0
node0.cpu0.l1dcache, stateEvent_Inv_SM, , Accumulator, 1787205980, 0, 0, 0, 0, 0, 0
node0.cpu0.l1dcache, stateEvent_Inv_SB, , Accumulator, 1787205980, 0, 0, 0, 0, 0, 0
node0.cpu0.l1dcache, stateEvent_Inv_IB, , Accumulator, 1787205980, 0, 0, 0, 0, 0, 0
node0.cpu0.l1dcache, stateEvent_FetchInvX_I, , Accumulator, 1787205980, 0, 0, 0, 0, 0, 0
node0.cpu0.l1dcache, stateEvent_FetchInvX_M, , Accumulator, 1787205980, 0, 0, 0, 0, 0, 0
node0.cpu0.l1dcache, stateEvent_FetchInvX_IS, , Accumulator, 1787205980, 0, 0, 0, 0, 0, 0
node0.cpu0.l1dcache, stateEvent_FetchInvX_IM, , Accumulator, 1787205980, 0, 0, 0, 0, 0, 0
node0.cpu0.l1dcache, stateEvent_FetchInvX_SB, , Accumulator, 1787205980, 0, 0, 0, 0, 0, 0
node0.cpu0.l1dcache, stateEvent_FetchInvX_IB, , Accumulator, 1787205980, 0, 0, 0, 0, 0, 0
node0.cpu0.l1dcache, stateEvent_Fetch_I, , Accumulator, 1787205980, 0, 0, 0, 0, 0, 0
node0.cpu0.l1dcache, stateEvent_Fetch_S, , Accumulator, 1787205980, 0, 0, 0, 0, 0, 0
node0.cpu0.l1dcache, stateEvent_Fetch_IS, , Accumulator, 1787205980, 0, 0, 0, 0, 0, 0
node0.cpu0.l1dcache, stateEvent_Fetch_IM, , Accumulator, 1787205980, 0, 0, 0, 0, 0, 0
node0.cpu0.l1dcache, stateEvent_Fetch_SM, , Accumulator, 1787205980, 0, 0, 0, 0, 0, 0
node0.cpu0.l1dcache, stateEvent_Fetch_IB, , Accumulator, 1787205980, 0, 0, 0, 0, 0, 0
node0.cpu0.l1dcache, stateEvent_Fetch_SB, , Accumulator, 1787205980, 0, 0, 0, 0, 0, 0
node0.cpu0.l1dcache, stateEvent_FetchInv_I, , Accumulator, 1787205980, 0, 0, 0, 0, 0, 0
node0.cpu0.l1dcache, stateEvent_FetchInv_S, , Accumulator, 1787205980, 0, 0, 0, 0, 0, 0
node0.cpu0.l1dcache, stateEvent_FetchInv_M, , Accumulator, 1787205980, 0, 2, 2, 2, 1, 1
node0.cpu0.l1dcache, stateEvent_FetchInv_IS, , Accumulator, 1787205980, 0, 0, 0, 0, 0, 0
node0.cpu0.l1dcache, stateEvent_FetchInv_IM, , Accumulator, 1787205980, 0, 0, 0, 0, 0, 0
node0.cpu0.l1dcache, stateEvent_FetchInv_SM, , Accumulator, 1787205980, 0, 0, 0, 0, 0, 0
node0.cpu0.l1dcache, stateEvent_FetchInv_SB, , Accumulator, 1787205980, 0, 0, 0, 0, 0, 0
node0.cpu0.l1dcache, stateEvent_FetchInv_IB, , Accumulator, 1787205980, 0, 0, 0, 0, 0, 0
node0.cpu0.l1dcache, stateEvent_ForceInv_I, , Accumulator, 1787205980, 0, 0, 0, 0, 0, 0
node0.cpu0.l1dcache, stateEvent_ForceInv_S, , Accumulator, 1787205980, 0, 0, 0, 0, 0, 0
node0.cpu0.l1dcache, stateEvent_ForceInv_M, , Accumulator, 1787205980, 0, 0, 0, 0, 0, 0
node0.cpu0.l1dcache, stateEvent_ForceInv_IS, , Accumulator, 1787205980, 0, 0, 0, 0, 0, 0
node0.cpu0.l1dcache, stateEvent_ForceInv_IM, , Accumulator, 1787205980, 0, 0, 0, 0, 0, 0
node0.cpu0.l1dcache, stateEvent_ForceInv_SM, , Accumulator, 1787205980, 0, 0, 0, 0, 0, 0
node0.cpu0.l1dcache, stateEvent_ForceInv_SB, , Accumulator, 1787205980, 0, 0, 0, 0, 0, 0
node0.cpu0.l1dcache, stateEvent_ForceInv_IB, , Accumulator, 1787205980, 0, 0, 0, 0, 0, 0
node0.cpu0.l1dcache, stateEvent_FlushLine_I, , Accumulator, 1787205980, 0, 0, 0, 0, 0, 0
node0.cpu0.l1dcache, stateEvent_FlushLine_S, , Accumulator, 1787205980, 0, 0, 0, 0, 0, 0
node0.cpu0.l1dcache, stateEvent_FlushLine_M, , Accumulator, 1787205980, 0, 0, 0, 0, 0, 0
node0.cpu0.l1dcache, stateEvent_FlushLineInv_I, , Accumulator, 1787205980, 0, 0, 0, 0, 0, 0
node0.cpu0.l1dcache, stateEvent_FlushLineInv_S, , Accumulator, 1787205980, 0, 0, 0, 0, 0, 0
node0.cpu0.l1dcache, stateEvent_FlushLineInv_M, , Accumulator, 1787205980, 0, 0, 0, 0, 0, 0
node0.cpu0.l1dcache, stateEvent_FlushLineResp_I, , Accumulator, 1787205980, 0, 0, 0, 0, 0, 0
node0.cpu0.l1dcache, stateEvent_FlushLineResp_IB, , Accumulator, 1787205980, 0, 0, 0, 0, 0, 0
node0.cpu0.l1dcache, stateEvent_FlushLineResp_SB, , Accumulator, 1787205980, 0, 0, 0, 0, 0, 0
node0.cpu0.l1dcache, eventSent_GetS, , Accumulator, 1787205980, 0, 1153, 1153, 1153, 1, 1
node0.cpu0.l1dcache, eventSent_GetX, , Accumulator, 1787205980, 0, 132, 132, 132, 1, 1
node0.cpu0.l1dcache, eventSent_GetSX, , Accumulator, 1787205980, 0, 3, 3, 3, 1, 1
node0.cpu0.l1dcache, eventSent_Write, , Accumulator, 1787205980, 0, 0, 0, 0, 0, 0
node0.cpu0.l1dcache, eventSent_PutM, , Accumulator, 1787205980, 0, 84, 84, 84, 1, 1
node0.cpu0.l1dcache, eventSent_NACK, , Accumulator, 1787205980, 0, 0, 0, 0, 0, 0
node0.cpu0.l1dcache, eventSent_FlushLine, , Accumulator, 1787205980, 0, 0, 0, 0, 0, 0
node0.cpu0.l1dcache, eventSent_FlushLineInv, , Accumulator, 1787205980, 0, 0, 0, 0, 0, 0
node0.cpu0.l1dcache, eventSent_FetchResp, , Accumulator, 1787205980, 0, 2, 2, 2, 1, 1
node0.cpu0.l1dcache, eventSent_FetchXResp, , Accumulator, 1787205980, 0, 0, 0, 0, 0, 0
node0.cpu0.l1dcache, eventSent_AckInv, , Accumulator, 1787205980, 0, 0, 0, 0, 0, 0
node0.cpu0.l1dcache, eventSent_GetSResp, , Accumulator, 1787205980, 0, 101712, 101712, 101712, 1, 1
node0.cpu0.l1dcache, eventSent_GetXResp, , Accumulator, 1787205980, 0, 27, 27, 27, 1, 1
node0.cpu0.l1dcache, eventSent_WriteResp, , Accumulator, 1787205980, 0, 15397, 15397, 15397, 1, 1
node0.cpu0.l1dcache, eventSent_FlushLineResp, , Accumulator, 1787205980, 0, 0, 0, 0, 0, 0
node0.cpu0.l1dcache, eventSent_Put, , Accumulator, 1787205980, 0, 0, 0, 0, 0, 0
node0.cpu0.l1dcache, eventSent_Get, , Accumulator, 1787205980, 0, 0, 0, 0, 0, 0
node0.cpu0.l1dcache, eventSent_AckMove, , Accumulator, 1787205980, 0, 0, 0, 0, 0, 0
node0.cpu0.l1dcache, eventSent_CustomReq, , Accumulator, 1787205980, 0, 0, 0, 0, 0, 0
node0.cpu0.l1dcache, eventSent_CustomResp, , Accumulator, 1787205980, 0, 0, 0, 0, 0, 0
node0.cpu0.l1dcache, eventSent_CustomAck, , Accumulator, 1787205980, 0, 0, 0, 0, 0, 0
node0.cpu0.l1dcache, EventStalledForLockedCacheline, , Accumulator, 1787205980, 0, 0, 0, 0, 0, 0
node0.cpu0.l1dcache, evict_I, , Accumulator, 1787205980, 0, 1024, 1024, 1024, 1, 1
node0.cpu0.l1dcache, evict_S, , Accumulator, 1787205980, 0, 138, 138, 138, 1, 1
node0.cpu0.l1dcache, evict_M, , Accumulator, 1787205980, 0, 84, 84, 84, 1, 1
node0.cpu0.l1dcache, evict_IS, , Accumulator, 1787205980, 0, 0, 0, 0, 0, 0
node0.cpu0.l1dcache, evict_IM, , Accumulator, 1787205980, 0, 0, 0, 0, 0, 0
node0.cpu0.l1dcache, evict_SM, , Accumulator, 1787205980, 0, 0, 0, 0, 0, 0
node0.cpu0.l1dcache, evict_SB, , Accumulator, 1787205980, 0, 0, 0, 0, 0, 0
node0.cpu0.l1dcache, latency_GetS_hit, , Accumulator, 1787205980, 0, 1761634, 2383845934, 102132, 1, 7580
node0.cpu0.l1dcache, latency_GetS_miss, , Accumulator, 1787205980, 0, 2055464, 4188137100, 1153, 27, 5601
node0.cpu0.l1dcache, latency_GetX_hit, , Accumulator, 1787205980, 0, 1652572, 6800810394, 15265, 3, 7586
node0.cpu0.l1dcache, latency_GetX_miss, , Accumulator, 1787205980, 0, 301183, 1115574279, 113, 30, 7476
node0.cpu0.l1dcache, latency_GetX_upgrade, , Accumulator, 1787205980, 0, 61417, 273701715, 19, 893, 7617
node0.cpu0.l1dcache, latency_GetSX_hit, , Accumulator, 1787205980, 0, 72, 216, 24, 3, 3
node0.cpu0.l1dcache, latency_GetSX_miss, , Accumulator, 1787205980, 0, 2456, 2954296, 3, 30, 1286
node0.cpu0.l1dcache, latency_GetSX_upgrade, , Accumulator, 1787205980, 0, 0, 0, 0, 0, 0
node0.cpu0.l1dcache, latency_FlushLine, , Accumulator, 1787205980, 0, 0, 0, 0, 0, 0
node0.cpu0.l1dcache, latency_FlushLine_fail, , Accumulator, 1787205980, 0, 0, 0, 0, 0, 0
node0.cpu0.l1dcache, latency_FlushLineInv, , Accumulator, 1787205980, 0, 0, 0, 0, 0, 0
node0.cpu0.l1dcache, latency_FlushLineInv_fail, , Accumulator, 1787205980, 0, 0, 0, 0, 0, 0
node0.cpu0.l1dcache, GetSHit_Arrival, , Accumulator, 1787205980, 0, 101022, 101022, 101022, 1, 1
node0.cpu0.l1dcache, GetXHit_Arrival, , Accumulator, 1787205980, 0, 14789, 14789, 14789, 1, 1
node0.cpu0.l1dcache, GetSXHit_Arrival, , Accumulator, 1787205980, 0, 24, 24, 24, 1, 1
node0.cpu0.l1dcache, GetSHit_Blocked, , Accumulator, 1787205980, 0, 1110, 1110, 1110, 1, 1
node0.cpu0.l1dcache, GetXHit_Blocked, , Accumulator, 1787205980, 0, 476, 476, 476, 1, 1
node0.cpu0.l1dcache, GetSXHit_Blocked, , Accumulator, 1787205980, 0, 0, 0, 0, 0, 0
node0.cpu0.l1dcache, GetSMiss_Arrival, , Accumulator, 1787205980, 0, 1153, 1153, 1153, 1, 1
node0.cpu0.l1dcache, GetXMiss_Arrival, , Accumulator, 1787205980, 0, 128, 128, 128, 1, 1
node0.cpu0.l1dcache, GetSXMiss_Arrival, , Accumulator, 1787205980, 0, 3, 3, 3, 1, 1
node0.cpu0.l1dcache, GetSMiss_Blocked, , Accumulator, 1787205980, 0, 0, 0, 0, 0, 0
node0.cpu0.l1dcache, GetXMiss_Blocked, , Accumulator, 1787205980, 0, 4, 4, 4, 1, 1
node0.cpu0.l1dcache, GetSXMiss_Blocked, , Accumulator, 1787205980, 0, 0, 0, 0, 0, 0
node0.cpu0.l1dcache, CacheHits, , Accumulator, 1787205980, 0, 117421, 117421, 117421, 1, 1
node0.cpu0.l1dcache, CacheMisses, , Accumulator, 1787205980, 0, 1288, 1288, 1288, 1, 1
node0.cpu0.l1dcache, stateEvent_AckPut_I, , Accumulator, 1787205980, 0, 0, 0, 0, 0, 0
node0.cpu0.l1dcache, eventSent_PutS, , Accumulator, 1787205980, 0, 138, 138, 138, 1, 1
node0.cpu0.l1dcache, eventSent_PutE, , Accumulator, 1787205980, 0, 22, 22, 22, 1, 1
node0.cpu0.l1dcache, prefetch_evict, , Accumulator, 1787205980, 0, 37, 37, 37, 1, 1
node0.cpu0.l1dcache, prefetch_inv, , Accumulator, 1787205980, 0, 0, 0, 0, 0, 0
node0.cpu0.l1dcache, prefetch_useful, , Accumulator, 1787205980, 0, 632, 632, 632, 1, 1
node0.cpu0.l1dcache, prefetch_coherence_miss, , Accumulator, 1787205980, 0, 15, 15, 15, 1, 1
node0.cpu0.l1dcache, prefetch_redundant, , Accumulator, 1787205980, 0, 710, 710, 710, 1, 1
node0.cpu0.l1dcache, stateEvent_GetS_E, , Accumulator, 1787205980, 0, 172, 172, 172, 1, 1
node0.cpu0.l1dcache, stateEvent_GetX_E, , Accumulator, 1787205980, 0, 57, 57, 57, 1, 1
node0.cpu0.l1dcache, stateEvent_GetSX_E, , Accumulator, 1787205980, 0, 2, 2, 2, 1, 1
node0.cpu0.l1dcache, stateEvent_FlushLine_E, , Accumulator, 1787205980, 0, 0, 0, 0, 0, 0
node0.cpu0.l1dcache, stateEvent_FlushLineInv_E, , Accumulator, 1787205980, 0, 0, 0, 0, 0, 0
node0.cpu0.l1dcache, stateEvent_FetchInv_E, , Accumulator, 1787205980, 0, 0, 0, 0, 0, 0
node0.cpu0.l1dcache, stateEvent_ForceInv_E, , Accumulator, 1787205980, 0, 0, 0, 0, 0, 0
node0.cpu0.l1dcache, stateEvent_FetchInvX_E, , Accumulator, 1787205980, 0, 0, 0, 0, 0, 0
node0.cpu0.l1dcache, evict_E, , Accumulator, 1787205980, 0, 22, 22, 22, 1, 1
node0.cpu0.l1dcache, TotalEventsReceived, , Accumulator, 1787205980, 0, 118426, 118426, 118426, 1, 1
node0.cpu0.l1dcache, TotalEventsReplayed, , Accumulator, 1787205980, 0, 1590, 1590, 1590, 1, 1
node0.cpu0.l1dcache, Put_uncache_recv, , Accumulator, 1787205980, 0, 0, 0, 0, 0, 0
node0.cpu0.l1dcache, Get_uncache_recv, , Accumulator, 1787205980, 0, 0, 0, 0, 0, 0
node0.cpu0.l1dcache, AckMove_uncache_recv, , Accumulator, 1787205980, 0, 0, 0, 0, 0, 0
node0.cpu0.l1dcache, GetS_uncache_recv, , Accumulator, 1787205980, 0, 0, 0, 0, 0, 0
node0.cpu0.l1dcache, Write_uncache_recv, , Accumulator, 1787205980, 0, 0, 0, 0, 0, 0
node0.cpu0.l1dcache, GetSX_uncache_recv, , Accumulator, 1787205980, 0, 0, 0, 0, 0, 0
node0.cpu0.l1dcache, GetSResp_uncache_recv, , Accumulator, 1787205980, 0, 0, 0, 0, 0, 0
node0.cpu0.l1dcache, WriteResp_uncache_recv, , Accumulator, 1787205980, 0, 0, 0, 0, 0, 0
node0.cpu0.l1dcache, CustomReq_uncache_recv, , Accumulator, 1787205980, 0, 0, 0, 0, 0, 0
node0.cpu0.l1dcache, CustomResp_uncache_recv, , Accumulator, 1787205980, 0, 0, 0, 0, 0, 0
node0.cpu0.l1dcache, CustomAck_uncache_recv, , Accumulator, 1787205980, 0, 0, 0, 0, 0, 0
node0.cpu0.l1dcache, NULLCMD_recv, , Accumulator, 1787205980, 0, 0, 0, 0, 0, 0
node0.cpu0.l1dcache, GetS_recv, , Accumulator, 1787205980, 0, 103305, 103305, 103305, 1, 1
node0.cpu0.l1dcache, GetX_recv, , Accumulator, 1787205980, 0, 0, 0, 0, 0, 0
node0.cpu0.l1dcache, GetSX_recv, , Accumulator, 1787205980, 0, 27, 27, 27, 1, 1
node0.cpu0.l1dcache, Write_recv, , Accumulator, 1787205980, 0, 15397, 15397, 15397, 1, 1
node0.cpu0.l1dcache, FlushLine_recv, , Accumulator, 1787205980, 0, 0, 0, 0, 0, 0
node0.cpu0.l1dcache, FlushLineInv_recv, , Accumulator, 1787205980, 0, 0, 0, 0, 0, 0
node0.cpu0.l1dcache, GetSResp_recv, , Accumulator, 1787205980, 0, 1027, 1027, 1027, 1, 1
node0.cpu0.l1dcache, GetXResp_recv, , Accumulator, 1787205980, 0, 261, 261, 261, 1, 1
node0.cpu0.l1dcache, FlushLineResp_recv, , Accumulator, 1787205980, 0, 0, 0, 0, 0, 0
node0.cpu0.l1dcache, Inv_recv, , Accumulator, 1787205980, 0, 0, 0, 0, 0, 0
node0.cpu0.l1dcache, ForceInv_recv, , Accumulator, 1787205980, 0, 0, 0, 0, 0, 0
node0.cpu0.l1dcache, Fetch_recv, , Accumulator, 1787205980, 0, 0, 0, 0, 0, 0
node0.cpu0.l1dcache, FetchInv_recv, , Accumulator, 1787205980, 0, 2, 2, 2, 1, 1
node0.cpu0.l1dcache, FetchInvX_recv, , Accumulator, 1787205980, 0, 0, 0, 0, 0, 0
node0.cpu0.l1dcache, NACK_recv, , Accumulator, 1787205980, 0, 0, 0, 0, 0, 0
node0.cpu0.l1dcache, AckPut_recv, , Accumulator, 1787205980, 0, 0, 0, 0, 0, 0
node0.cpu0.l1dcache, MSHR_occupancy, , Accumulator, 1787205980, 0, 5472035, 262768497, 4108519, 0, 267
node0.cpu0.l1dcache, Bank_conflicts, , Accumulator, 1787205980, 0, 0, 0, 0, 0, 0
node0.cpu0.l1icache, prefetches_issued, , Accumulator, 1787205980, 0, 253, 253, 253, 1, 1
node0.cpu0.l1icache, miss_events_processed, , Accumulator, 1787205980, 0, 253, 253, 253, 1, 1
node0.cpu0.l1icache, hit_events_processed, , Accumulator, 1787205980, 0, 753, 753, 753, 1, 1
node0.cpu0.l1icache, Prefetch_requests, , Accumulator, 1787205980, 0, 253, 253, 253, 1, 1
node0.cpu0.l1icache, Prefetch_drops, , Accumulator, 1787205980, 0, 0, 0, 0, 0, 0
node0.cpu0.l1icache, default_stat, , Accumulator, 1787205980, 0, 0, 0, 0, 0, 0
node0.cpu0.l1icache, stateEvent_GetS_I, , Accumulator, 1787205980, 0, 484, 484, 484, 1, 1
node0.cpu0.l1icache, stateEvent_GetS_S, , Accumulator, 1787205980, 0, 510, 510, 510, 1, 1
node0.cpu0.l1icache, stateEvent_GetS_M, , Accumulator, 1787205980, 0, 0, 0, 0, 0, 0
node0.cpu0.l1icache, stateEvent_GetX_I, , Accumulator, 1787205980, 0, 0, 0, 0, 0, 0
node0.cpu0.l1icache, stateEvent_GetX_S, , Accumulator, 1787205980, 0, 0, 0, 0, 0, 0
node0.cpu0.l1icache, stateEvent_GetX_M, , Accumulator, 1787205980, 0, 0, 0, 0, 0, 0
node0.cpu0.l1icache, stateEvent_GetSX_I, , Accumulator, 1787205980, 0, 0, 0, 0, 0, 0
node0.cpu0.l1icache, stateEvent_GetSX_S, , Accumulator, 1787205980, 0, 0, 0, 0, 0, 0
node0.cpu0.l1icache, stateEvent_GetSX_M, , Accumulator, 1787205980, 0, 0, 0, 0, 0, 0
node0.cpu0.l1icache, stateEvent_GetSResp_IS, , Accumulator, 1787205980, 0, 293, 293, 293, 1, 1
node0.cpu0.l1icache, stateEvent_GetXResp_IS, , Accumulator, 1787205980, 0, 189, 189, 189, 1, 1
node0.cpu0.l1icache, stateEvent_GetXResp_IM, , Accumulator, 1787205980, 0, 0, 0, 0, 0, 0
node0.cpu0.l1icache, stateEvent_GetXResp_SM, , Accumulator, 1787205980, 0, 0, 0, 0, 0, 0
node0.cpu0.l1icache, stateEvent_Inv_I, , Accumulator, 1787205980, 0, 0, 0, 0, 0, 0
node0.cpu0.l1icache, stateEvent_Inv_S, , Accumulator, 1787205980, 0, 0, 0, 0, 0, 0
node0.cpu0.l1icache, stateEvent_Inv_IS, , Accumulator, 1787205980, 0, 0, 0, 0, 0, 0
node0.cpu0.l1icache, stateEvent_Inv_IM, , Accumulator, 1787205980, 0, 0, 0, 0, 0, 0
node0.cpu0.l1icache, stateEvent_Inv_SM, , Accumulator, 1787205980, 0, 0, 0, 0, 0, 0
node0.cpu0.l1icache, stateEvent_Inv_SB, , Accumulator, 1787205980, 0, 0, 0, 0, 0, 0
node0.cpu0.l1icache, stateEvent_Inv_IB, , Accumulator, 1787205980, 0, 0, 0, 0, 0, 0
node0.cpu0.l1icache, stateEvent_FetchInvX_I, , Accumulator, 1787205980, 0, 0, 0, 0, 0, 0
node0.cpu0.l1icache, stateEvent_FetchInvX_M, , Accumulator, 1787205980, 0, 0, 0, 0, 0, 0
node0.cpu0.l1icache, stateEvent_FetchInvX_IS, , Accumulator, 1787205980, 0, 0, 0, 0, 0, 0
node0.cpu0.l1icache, stateEvent_FetchInvX_IM, , Accumulator, 1787205980, 0, 0, 0, 0, 0, 0
node0.cpu0.l1icache, stateEvent_FetchInvX_SB, , Accumulator, 1787205980, 0, 0, 0, 0, 0, 0
node0.cpu0.l1icache, stateEvent_FetchInvX_IB, , Accumulator, 1787205980, 0, 0, 0, 0, 0, 0
node0.cpu0.l1icache, stateEvent_Fetch_I, , Accumulator, 1787205980, 0, 0, 0, 0, 0, 0
node0.cpu0.l1icache, stateEvent_Fetch_S, , Accumulator, 1787205980, 0, 0, 0, 0, 0, 0
node0.cpu0.l1icache, stateEvent_Fetch_IS, , Accumulator, 1787205980, 0, 0, 0, 0, 0, 0
node0.cpu0.l1icache, stateEvent_Fetch_IM, , Accumulator, 1787205980, 0, 0, 0, 0, 0, 0
node0.cpu0.l1icache, stateEvent_Fetch_SM, , Accumulator, 1787205980, 0, 0, 0, 0, 0, 0
node0.cpu0.l1icache, stateEvent_Fetch_IB, , Accumulator, 1787205980, 0, 0, 0, 0, 0, 0
node0.cpu0.l1icache, stateEvent_Fetch_SB, , Accumulator, 1787205980, 0, 0, 0, 0, 0, 0
node0.cpu0.l1icache, stateEvent_FetchInv_I, , Accumulator, 1787205980, 0, 0, 0, 0, 0, 0
node0.cpu0.l1icache, stateEvent_FetchInv_S, , Accumulator, 1787205980, 0, 0, 0, 0, 0, 0
node0.cpu0.l1icache, stateEvent_FetchInv_M, , Accumulator, 1787205980, 0, 0, 0, 0, 0, 0
node0.cpu0.l1icache, stateEvent_FetchInv_IS, , Accumulator, 1787205980, 0, 0, 0, 0, 0, 0
node0.cpu0.l1icache, stateEvent_FetchInv_IM, , Accumulator, 1787205980, 0, 0, 0, 0, 0, 0
node0.cpu0.l1icache, stateEvent_FetchInv_SM, , Accumulator, 1787205980, 0, 0, 0, 0, 0, 0
node0.cpu0.l1icache, stateEvent_FetchInv_SB, , Accumulator, 1787205980, 0, 0, 0, 0, 0, 0
node0.cpu0.l1icache, stateEvent_FetchInv_IB, , Accumulator, 1787205980, 0, 0, 0, 0, 0, 0
node0.cpu0.l1icache, stateEvent_ForceInv_I, , Accumulator, 1787205980, 0, 0, 0, 0, 0, 0
node0.cpu0.l1icache, stateEvent_ForceInv_S, , Accumulator, 1787205980, 0, 0, 0, 0, 0, 0
node0.cpu0.l1icache, stateEvent_ForceInv_M, , Accumulator, 1787205980, 0, 0, 0, 0, 0, 0
node0.cpu0.l1icache, stateEvent_ForceInv_IS, , Accumulator, 1787205980, 0, 0, 0, 0, 0, 0
node0.cpu0.l1icache, stateEvent_ForceInv_IM, , Accumulator, 1787205980, 0, 0, 0, 0, 0, 0
node0.cpu0.l1icache, stateEvent_ForceInv_SM, , Accumulator, 1787205980, 0, 0, 0, 0, 0, 0
node0.cpu0.l1icache, stateEvent_ForceInv_SB, , Accumulator, 1787205980, 0, 0, 0, 0, 0, 0
node0.cpu0.l1icache, stateEvent_ForceInv_IB, , Accumulator, 1787205980, 0, 0, 0, 0, 0, 0
node0.cpu0.l1icache, stateEvent_FlushLine_I, , Accumulator, 1787205980, 0, 0, 0, 0, 0, 0
node0.cpu0.l1icache, stateEvent_FlushLine_S, , Accumulator, 1787205980, 0, 0, 0, 0, 0, 0
node0.cpu0.l1icache, stateEvent_FlushLine_M, , Accumulator, 1787205980, 0, 0, 0, 0, 0, 0
node0.cpu0.l1icache, stateEvent_FlushLineInv_I, , Accumulator, 1787205980, 0, 0, 0, 0, 0, 0
node0.cpu0.l1icache, stateEvent_FlushLineInv_S, , Accumulator, 1787205980, 0, 0, 0, 0, 0, 0
node0.cpu0.l1icache, stateEvent_FlushLineInv_M, , Accumulator, 1787205980, 0, 0, 0, 0, 0, 0
node0.cpu0.l1icache, stateEvent_FlushLineResp_I, , Accumulator, 1787205980, 0, 0, 0, 0, 0, 0
node0.cpu0.l1icache, stateEvent_FlushLineResp_IB, , Accumulator, 1787205980, 0, 0, 0, 0, 0, 0
node0.cpu0.l1icache, stateEvent_FlushLineResp_SB, , Accumulator, 1787205980, 0, 0, 0, 0, 0, 0
node0.cpu0.l1icache, eventSent_GetS, , Accumulator, 1787205980, 0, 484, 484, 484, 1, 1
node0.cpu0.l1icache, eventSent_GetX, , Accumulator, 1787205980, 0, 0, 0, 0, 0, 0
node0.cpu0.l1icache, eventSent_GetSX, , Accumulator, 1787205980, 0, 0, 0, 0, 0, 0
node0.cpu0.l1icache, eventSent_Write, , Accumulator, 1787205980, 0, 0, 0, 0, 0, 0
node0.cpu0.l1icache, eventSent_PutM, , Accumulator, 1787205980, 0, 0, 0, 0, 0, 0
node0.cpu0.l1icache, eventSent_NACK, , Accumulator, 1787205980, 0, 0, 0, 0, 0, 0
node0.cpu0.l1icache, eventSent_FlushLine, , Accumulator, 1787205980, 0, 0, 0, 0, 0, 0
node0.cpu0.l1icache, eventSent_FlushLineInv, , Accumulator, 1787205980, 0, 0, 0, 0, 0, 0
node0.cpu0.l1icache, eventSent_FetchResp, , Accumulator, 1787205980, 0, 1, 1, 1, 1, 1
node0.cpu0.l1icache, eventSent_FetchXResp, , Accumulator, 1787205980, 0, 0, 0, 0, 0, 0
node0.cpu0.l1icache, eventSent_AckInv, , Accumulator, 1787205980, 0, 0, 0, 0, 0, 0
node0.cpu0.l1icache, eventSent_GetSResp, , Accumulator, 1787205980, 0, 1005, 1005, 1005, 1, 1
node0.cpu0.l1icache, eventSent_GetXResp, , Accumulator, 1787205980, 0, 0, 0, 0, 0, 0
node0.cpu0.l1icache, eventSent_WriteResp, , Accumulator, 1787205980, 0, 0, 0, 0, 0, 0
node0.cpu0.l1icache, eventSent_FlushLineResp, , Accumulator, 1787205980, 0, 0, 0, 0, 0, 0
node0.cpu0.l1icache, eventSent_Put, , Accumulator, 1787205980, 0, 0, 0, 0, 0, 0
node0.cpu0.l1icache, eventSent_Get, , Accumulator, 1787205980, 0, 0, 0, 0, 0, 0
node0.cpu0.l1icache, eventSent_AckMove, , Accumulator, 1787205980, 0, 0, 0, 0, 0, 0
node0.cpu0.l1icache, eventSent_CustomReq, , Accumulator, 1787205980, 0, 0, 0, 0, 0, 0
node0.cpu0.l1icache, eventSent_CustomResp, , Accumulator, 1787205980, 0, 0, 0, 0, 0, 0
node0.cpu0.l1icache, eventSent_CustomAck, , Accumulator, 1787205980, 0, 0, 0, 0, 0, 0
node0.cpu0.l1icache, EventStalledForLockedCacheline, , Accumulator, 1787205980, 0, 0, 0, 0, 0, 0
node0.cpu0.l1icache, evict_I, , Accumulator, 1787205980, 0, 484, 484, 484, 1, 1
node0.cpu0.l1icache, evict_S, , Accumulator, 1787205980, 0, 0, 0, 0, 0, 0
node0.cpu0.l1icache, evict_M, , Accumulator, 1787205980, 0, 0, 0, 0, 0, 0
node0.cpu0.l1icache, evict_IS, , Accumulator, 1787205980, 0, 0, 0, 0, 0, 0
node0.cpu0.l1icache, evict_IM, , Accumulator, 1787205980, 0, 0, 0, 0, 0, 0
node0.cpu0.l1icache, evict_SM, , Accumulator, 1787205980, 0, 0, 0, 0, 0, 0
node0.cpu0.l1icache, evict_SB, , Accumulator, 1787205980, 0, 0, 0, 0, 0, 0
node0.cpu0.l1icache, latency_GetS_hit, , Accumulator, 1787205980, 0, 55220, 86384574, 775, 1, 5556
node0.cpu0.l1icache, latency_GetS_miss, , Accumulator, 1787205980, 0, 861032, 1878141236, 482, 27, 5596
node0.cpu0.l1icache, latency_GetX_hit, , Accumulator, 1787205980, 0, 0, 0, 0, 0, 0
node0.cpu0.l1icache, latency_GetX_miss, , Accumulator, 1787205980, 0, 0, 0, 0, 0, 0
node0.cpu0.l1icache, latency_GetX_upgrade, , Accumulator, 1787205980, 0, 0, 0, 0, 0, 0
node0.cpu0.l1icache, latency_GetSX_hit, , Accumulator, 1787205980, 0, 0, 0, 0, 0, 0
node0.cpu0.l1icache, latency_GetSX_miss, , Accumulator, 1787205980, 0, 0, 0, 0, 0, 0
node0.cpu0.l1icache, latency_GetSX_upgrade, , Accumulator, 1787205980, 0, 0, 0, 0, 0, 0
node0.cpu0.l1icache, latency_FlushLine, , Accumulator, 1787205980, 0, 0, 0, 0, 0, 0
node0.cpu0.l1icache, latency_FlushLine_fail, , Accumulator, 1787205980, 0, 0, 0, 0, 0, 0
node0.cpu0.l1icache, latency_FlushLineInv, , Accumulator, 1787205980, 0, 0, 0, 0, 0, 0
node0.cpu0.l1icache, latency_FlushLineInv_fail, , Accumulator, 1787205980, 0, 0, 0, 0, 0, 0
node0.cpu0.l1icache, GetSHit_Arrival, , Accumulator, 1787205980, 0, 630, 630, 630, 1, 1
node0.cpu0.l1icache, GetXHit_Arrival, , Accumulator, 1787205980, 0, 0, 0, 0, 0, 0
node0.cpu0.l1icache, GetSXHit_Arrival, , Accumulator, 1787205980, 0, 0, 0, 0, 0, 0
node0.cpu0.l1icache, GetSHit_Blocked, , Accumulator, 1787205980, 0, 145, 145, 145, 1, 1
node0.cpu0.l1icache, GetXHit_Blocked, , Accumulator, 1787205980, 0, 0, 0, 0, 0, 0
node0.cpu0.l1icache, GetSXHit_Blocked, , Accumulator, 1787205980, 0, 0, 0, 0, 0, 0
node0.cpu0.l1icache, GetSMiss_Arrival, , Accumulator, 1787205980, 0, 484, 484, 484, 1, 1
node0.cpu0.l1icache, GetXMiss_Arrival, , Accumulator, 1787205980, 0, 0, 0, 0, 0, 0
node0.cpu0.l1icache, GetSXMiss_Arrival, , Accumulator, 1787205980, 0, 0, 0, 0, 0, 0
node0.cpu0.l1icache, GetSMiss_Blocked, , Accumulator, 1787205980, 0, 0, 0, 0, 0, 0
node0.cpu0.l1icache, GetXMiss_Blocked, , Accumulator, 1787205980, 0, 0, 0, 0, 0, 0
node0.cpu0.l1icache, GetSXMiss_Blocked, , Accumulator, 1787205980, 0, 0, 0, 0, 0, 0
node0.cpu0.l1icache, CacheHits, , Accumulator, 1787205980, 0, 775, 775, 775, 1, 1
node0.cpu0.l1icache, CacheMisses, , Accumulator, 1787205980, 0, 484, 484, 484, 1, 1
node0.cpu0.l1icache, stateEvent_AckPut_I, , Accumulator, 1787205980, 0, 0, 0, 0, 0, 0
node0.cpu0.l1icache, eventSent_PutS, , Accumulator, 1787205980, 0, 0, 0, 0, 0, 0
node0.cpu0.l1icache, eventSent_PutE, , Accumulator, 1787205980, 0, 0, 0, 0, 0, 0
node0.cpu0.l1icache, prefetch_evict, , Accumulator, 1787205980, 0, 0, 0, 0, 0, 0
node0.cpu0.l1icache, prefetch_inv, , Accumulator, 1787205980, 0, 1, 1, 1, 1, 1
node0.cpu0.l1icache, prefetch_useful, , Accumulator, 1787205980, 0, 201, 201, 201, 1, 1
node0.cpu0.l1icache, prefetch_coherence_miss, , Accumulator, 1787205980, 0, 0, 0, 0, 0, 0
node0.cpu0.l1icache, prefetch_redundant, , Accumulator, 1787205980, 0, 22, 22, 22, 1, 1
node0.cpu0.l1icache, stateEvent_GetS_E, , Accumulator, 1787205980, 0, 265, 265, 265, 1, 1
node0.cpu0.l1icache, stateEvent_GetX_E, , Accumulator, 1787205980, 0, 0, 0, 0, 0, 0
node0.cpu0.l1icache, stateEvent_GetSX_E, , Accumulator, 1787205980, 0, 0, 0, 0, 0, 0
node0.cpu0.l1icache, stateEvent_FlushLine_E, , Accumulator, 1787205980, 0, 0, 0, 0, 0, 0
node0.cpu0.l1icache, stateEvent_FlushLineInv_E, , Accumulator, 1787205980, 0, 0, 0, 0, 0, 0
node0.cpu0.l1icache, stateEvent_FetchInv_E, , Accumulator, 1787205980, 0, 1, 1, 1, 1, 1
node0.cpu0.l1icache, stateEvent_ForceInv_E, , Accumulator, 1787205980, 0, 0, 0, 0, 0, 0
node0.cpu0.l1icache, stateEvent_FetchInvX_E, , Accumulator, 1787205980, 0, 0, 0, 0, 0, 0
node0.cpu0.l1icache, evict_E, , Accumulator, 1787205980, 0, 0, 0, 0, 0, 0
node0.cpu0.l1icache, TotalEventsReceived, , Accumulator, 1787205980, 0, 1490, 1490, 1490, 1, 1
node0.cpu0.l1icache, TotalEventsReplayed, , Accumulator, 1787205980, 0, 145, 145, 145, 1, 1
node0.cpu0.l1icache, Put_uncache_recv, , Accumulator, 1787205980, 0, 0, 0, 0, 0, 0
node0.cpu0.l1icache, Get_uncache_recv, , Accumulator, 1787205980, 0, 0, 0, 0, 0, 0
node0.cpu0.l1icache, AckMove_uncache_recv, , Accumulator, 1787205980, 0, 0, 0, 0, 0, 0
node0.cpu0.l1icache, GetS_uncache_recv, , Accumulator, 1787205980, 0, 0, 0, 0, 0, 0
node0.cpu0.l1icache, Write_uncache_recv, , Accumulator, 1787205980, 0, 0, 0, 0, 0, 0
node0.cpu0.l1icache, GetSX_uncache_recv, , Accumulator, 1787205980, 0, 0, 0, 0, 0, 0
node0.cpu0.l1icache, GetSResp_uncache_recv, , Accumulator, 1787205980, 0, 0, 0, 0, 0, 0
node0.cpu0.l1icache, WriteResp_uncache_recv, , Accumulator, 1787205980, 0, 0, 0, 0, 0, 0
node0.cpu0.l1icache, CustomReq_uncache_recv, , Accumulator, 1787205980, 0, 0, 0, 0, 0, 0
node0.cpu0.l1icache, CustomResp_uncache_recv, , Accumulator, 1787205980, 0, 0, 0, 0, 0, 0
node0.cpu0.l1icache, CustomAck_uncache_recv, , Accumulator, 1787205980, 0, 0, 0, 0, 0, 0
node0.cpu0.l1icache, NULLCMD_recv, , Accumulator, 1787205980, 0, 0, 0, 0, 0, 0
node0.cpu0.l1icache, GetS_recv, , Accumulator, 1787205980, 0, 1260, 1260, 1260, 1, 1
node0.cpu0.l1icache, GetX_recv, , Accumulator, 1787205980, 0, 0, 0, 0, 0, 0
node0.cpu0.l1icache, GetSX_recv, , Accumulator, 1787205980, 0, 0, 0, 0, 0, 0
node0.cpu0.l1icache, Write_recv, , Accumulator, 1787205980, 0, 0, 0, 0, 0, 0
node0.cpu0.l1icache, FlushLine_recv, , Accumulator, 1787205980, 0, 0, 0, 0, 0, 0
node0.cpu0.l1icache, FlushLineInv_recv, , Accumulator, 1787205980, 0, 0, 0, 0, 0, 0
node0.cpu0.l1icache, GetSResp_recv, , Accumulator, 1787205980, 0, 293, 293, 293, 1, 1
node0.cpu0.l1icache, GetXResp_recv, , Accumulator, 1787205980, 0, 189, 189, 189, 1, 1
node0.cpu0.l1icache, FlushLineResp_recv, , Accumulator, 1787205980, 0, 0, 0, 0, 0, 0
node0.cpu0.l1icache, Inv_recv, , Accumulator, 1787205980, 0, 0, 0, 0, 0, 0
node0.cpu0.l1icache, ForceInv_recv, , Accumulator, 1787205980, 0, 0, 0, 0, 0, 0
node0.cpu0.l1icache, Fetch_recv, , Accumulator, 1787205980, 0, 0, 0, 0, 0, 0
node0.cpu0.l1icache, FetchInv_recv, , Accumulator, 1787205980, 0, 1, 1, 1, 1, 1
node0.cpu0.l1icache, FetchInvX_recv, , Accumulator, 1787205980, 0, 0, 0, 0, 0, 0
node0.cpu0.l1icache, NACK_recv, , Accumulator, 1787205980, 0, 0, 0, 0, 0, 0
node0.cpu0.l1icache, AckPut_recv, , Accumulator, 1787205980, 0, 0, 0, 0, 0, 0
node0.cpu0.l1icache, MSHR_occupancy, , Accumulator, 1787205980, 0, 914960, 2831940, 4108519, 0, 10
node0.cpu0.l1icache, Bank_conflicts, , Accumulator, 1787205980, 0, 0, 0, 0, 0, 0
node0.cpu0.l2cache:memlink, packet_latency, , Accumulator, 1787205980, 0, 243969, 33833289, 1783, 65, 142
node0.cpu0.l2cache:memlink, send_bit_count, , Accumulator, 1787205980, 0, 115776, 8294400, 1785, 64, 576
node0.cpu0.l2cache:memlink, output_port_stalls, , Accumulator, 1787205980, 0, 0, 0, 0, 0, 0
node0.cpu0.l2cache:memlink, idle_time, , Accumulator, 1787205980, 0, 420769120, 338146321288350, 1002, 5050, 8995140
node0.cpu0.l2cache, prefetch_opportunities, , Accumulator, 1787205980, 0, 169, 169, 169, 1, 1
node0.cpu0.l2cache, prefetches_issued, , Accumulator, 1787205980, 0, 169, 169, 169, 1, 1
node0.cpu0.l2cache, prefetches_canceled_by_page_boundary, , Accumulator, 1787205980, 0, 8, 8, 8, 1, 1
node0.cpu0.l2cache, prefetches_canceled_by_history, , Accumulator, 1787205980, 0, 0, 0, 0, 0, 0
node0.cpu0.l2cache, Prefetch_requests, , Accumulator, 1787205980, 0, 169, 169, 169, 1, 1
node0.cpu0.l2cache, Prefetch_drops, , Accumulator, 1787205980, 0, 0, 0, 0, 0, 0
node0.cpu0.l2cache, default_stat, , Accumulator, 1787205980, 0, 0, 0, 0, 0, 0
node0.cpu0.l2cache, evict_I, , Accumulator, 1787205980, 0, 1757, 1757, 1757, 1, 1
node0.cpu0.l2cache, evict_IS, , Accumulator, 1787205980, 0, 0, 0, 0, 0, 0
node0.cpu0.l2cache, evict_IM, , Accumulator, 1787205980, 0, 0, 0, 0, 0, 0
node0.cpu0.l2cache, evict_S, , Accumulator, 1787205980, 0, 0, 0, 0, 0, 0
node0.cpu0.l2cache, evict_SM, , Accumulator, 1787205980, 0, 0, 0, 0, 0, 0
node0.cpu0.l2cache, evict_SInv, , Accumulator, 1787205980, 0, 0, 0, 0, 0, 0
node0.cpu0.l2cache, evict_M, , Accumulator, 1787205980, 0, 0, 0, 0, 0, 0
node0.cpu0.l2cache, evict_MInv, , Accumulator, 1787205980, 0, 0, 0, 0, 0, 0
node0.cpu0.l2cache, evict_SMInv, , Accumulator, 1787205980, 0, 0, 0, 0, 0, 0
node0.cpu0.l2cache, evict_MInvX, , Accumulator, 1787205980, 0, 0, 0, 0, 0, 0
node0.cpu0.l2cache, evict_IB, , Accumulator, 1787205980, 0, 0, 0, 0, 0, 0
node0.cpu0.l2cache, evict_SB, , Accumulator, 1787205980, 0, 0, 0, 0, 0, 0
node0.cpu0.l2cache, evict_SBInv, , Accumulator, 1787205980, 0, 0, 0, 0, 0, 0
node0.cpu0.l2cache, stateEvent_GetS_I, , Accumulator, 1787205980, 0, 1653, 1653, 1653, 1, 1
node0.cpu0.l2cache, stateEvent_GetS_S, , Accumulator, 1787205980, 0, 94, 94, 94, 1, 1
node0.cpu0.l2cache, stateEvent_GetS_M, , Accumulator, 1787205980, 0, 24, 24, 24, 1, 1
node0.cpu0.l2cache, stateEvent_GetX_I, , Accumulator, 1787205980, 0, 104, 104, 104, 1, 1
node0.cpu0.l2cache, stateEvent_GetX_S, , Accumulator, 1787205980, 0, 23, 23, 23, 1, 1
node0.cpu0.l2cache, stateEvent_GetX_M, , Accumulator, 1787205980, 0, 1, 1, 1, 1, 1
node0.cpu0.l2cache, stateEvent_GetSX_I, , Accumulator, 1787205980, 0, 2, 2, 2, 1, 1
node0.cpu0.l2cache, stateEvent_GetSX_S, , Accumulator, 1787205980, 0, 0, 0, 0, 0, 0
node0.cpu0.l2cache, stateEvent_GetSX_M, , Accumulator, 1787205980, 0, 1, 1, 1, 1, 1
node0.cpu0.l2cache, stateEvent_GetSResp_IS, , Accumulator, 1787205980, 0, 1340, 1340, 1340, 1, 1
node0.cpu0.l2cache, stateEvent_GetXResp_IS, , Accumulator, 1787205980, 0, 311, 311, 311, 1, 1
node0.cpu0.l2cache, stateEvent_GetXResp_IM, , Accumulator, 1787205980, 0, 106, 106, 106, 1, 1
node0.cpu0.l2cache, stateEvent_GetXResp_SM, , Accumulator, 1787205980, 0, 23, 23, 23, 1, 1
node0.cpu0.l2cache, stateEvent_GetXResp_SMInv, , Accumulator, 1787205980, 0, 0, 0, 0, 0, 0
node0.cpu0.l2cache, stateEvent_PutS_S, , Accumulator, 1787205980, 0, 138, 138, 138, 1, 1
node0.cpu0.l2cache, stateEvent_PutS_M, , Accumulator, 1787205980, 0, 0, 0, 0, 0, 0
node0.cpu0.l2cache, stateEvent_PutS_MInv, , Accumulator, 1787205980, 0, 0, 0, 0, 0, 0
node0.cpu0.l2cache, stateEvent_PutS_SInv, , Accumulator, 1787205980, 0, 0, 0, 0, 0, 0
node0.cpu0.l2cache, stateEvent_PutS_SMInv, , Accumulator, 1787205980, 0, 0, 0, 0, 0, 0
node0.cpu0.l2cache, stateEvent_PutS_SB, , Accumulator, 1787205980, 0, 0, 0, 0, 0, 0
node0.cpu0.l2cache, stateEvent_PutS_SBInv, , Accumulator, 1787205980, 0, 0, 0, 0, 0, 0
node0.cpu0.l2cache, stateEvent_PutM_M, , Accumulator, 1787205980, 0, 78, 78, 78, 1, 1
node0.cpu0.l2cache, stateEvent_PutM_MInv, , Accumulator, 1787205980, 0, 0, 0, 0, 0, 0
node0.cpu0.l2cache, stateEvent_PutM_MInvX, , Accumulator, 1787205980, 0, 0, 0, 0, 0, 0
node0.cpu0.l2cache, stateEvent_PutX_M, , Accumulator, 1787205980, 0, 0, 0, 0, 0, 0
node0.cpu0.l2cache, stateEvent_PutX_MInv, , Accumulator, 1787205980, 0, 0, 0, 0, 0, 0
node0.cpu0.l2cache, stateEvent_PutX_MInvX, , Accumulator, 1787205980, 0, 0, 0, 0, 0, 0
node0.cpu0.l2cache, stateEvent_Inv_I, , Accumulator, 1787205980, 0, 0, 0, 0, 0, 0
node0.cpu0.l2cache, stateEvent_Inv_S, , Accumulator, 1787205980, 0, 0, 0, 0, 0, 0
node0.cpu0.l2cache, stateEvent_Inv_IS, , Accumulator, 1787205980, 0, 0, 0, 0, 0, 0
node0.cpu0.l2cache, stateEvent_Inv_IM, , Accumulator, 1787205980, 0, 0, 0, 0, 0, 0
node0.cpu0.l2cache, stateEvent_Inv_SM, , Accumulator, 1787205980, 0, 0, 0, 0, 0, 0
node0.cpu0.l2cache, stateEvent_Inv_SB, , Accumulator, 1787205980, 0, 0, 0, 0, 0, 0
node0.cpu0.l2cache, stateEvent_Inv_IB, , Accumulator, 1787205980, 0, 0, 0, 0, 0, 0
node0.cpu0.l2cache, stateEvent_FetchInvX_I, , Accumulator, 1787205980, 0, 0, 0, 0, 0, 0
node0.cpu0.l2cache, stateEvent_FetchInvX_M, , Accumulator, 1787205980, 0, 0, 0, 0, 0, 0
node0.cpu0.l2cache, stateEvent_FetchInvX_IS, , Accumulator, 1787205980, 0, 0, 0, 0, 0, 0
node0.cpu0.l2cache, stateEvent_FetchInvX_IM, , Accumulator, 1787205980, 0, 0, 0, 0, 0, 0
node0.cpu0.l2cache, stateEvent_FetchInvX_MInv, , Accumulator, 1787205980, 0, 0, 0, 0, 0, 0
node0.cpu0.l2cache, stateEvent_FetchInvX_MInvX, , Accumulator, 1787205980, 0, 0, 0, 0, 0, 0
node0.cpu0.l2cache, stateEvent_FetchInvX_IB, , Accumulator, 1787205980, 0, 0, 0, 0, 0, 0
node0.cpu0.l2cache, stateEvent_FetchInvX_SB, , Accumulator, 1787205980, 0, 0, 0, 0, 0, 0
node0.cpu0.l2cache, stateEvent_Fetch_I, , Accumulator, 1787205980, 0, 0, 0, 0, 0, 0
node0.cpu0.l2cache, stateEvent_Fetch_S, , Accumulator, 1787205980, 0, 0, 0, 0, 0, 0
node0.cpu0.l2cache, stateEvent_Fetch_IS, , Accumulator, 1787205980, 0, 0, 0, 0, 0, 0
node0.cpu0.l2cache, stateEvent_Fetch_IM, , Accumulator, 1787205980, 0, 0, 0, 0, 0, 0
node0.cpu0.l2cache, stateEvent_Fetch_SM, , Accumulator, 1787205980, 0, 0, 0, 0, 0, 0
node0.cpu0.l2cache, stateEvent_Fetch_SMInv, , Accumulator, 1787205980, 0, 0, 0, 0, 0, 0
node0.cpu0.l2cache, stateEvent_Fetch_SInv, , Accumulator, 1787205980, 0, 0, 0, 0, 0, 0
node0.cpu0.l2cache, stateEvent_Fetch_IB, , Accumulator, 1787205980, 0, 0, 0, 0, 0, 0
node0.cpu0.l2cache, stateEvent_Fetch_SB, , Accumulator, 1787205980, 0, 0, 0, 0, 0, 0
node0.cpu0.l2cache, stateEvent_FetchInv_I, , Accumulator, 1787205980, 0, 0, 0, 0, 0, 0
node0.cpu0.l2cache, stateEvent_FetchInv_S, , Accumulator, 1787205980, 0, 0, 0, 0, 0, 0
node0.cpu0.l2cache, stateEvent_FetchInv_M, , Accumulator, 1787205980, 0, 1, 1, 1, 1, 1
node0.cpu0.l2cache, stateEvent_FetchInv_IS, , Accumulator, 1787205980, 0, 0, 0, 0, 0, 0
node0.cpu0.l2cache, stateEvent_FetchInv_IM, , Accumulator, 1787205980, 0, 0, 0, 0, 0, 0
node0.cpu0.l2cache, stateEvent_FetchInv_SM, , Accumulator, 1787205980, 0, 0, 0, 0, 0, 0
node0.cpu0.l2cache, stateEvent_FetchInv_SMInv, , Accumulator, 1787205980, 0, 0, 0, 0, 0, 0
node0.cpu0.l2cache, stateEvent_FetchInv_MInv, , Accumulator, 1787205980, 0, 0, 0, 0, 0, 0
node0.cpu0.l2cache, stateEvent_FetchInv_MInvX, , Accumulator, 1787205980, 0, 0, 0, 0, 0, 0
node0.cpu0.l2cache, stateEvent_FetchInv_IB, , Accumulator, 1787205980, 0, 0, 0, 0, 0, 0
node0.cpu0.l2cache, stateEvent_FetchInv_SB, , Accumulator, 1787205980, 0, 0, 0, 0, 0, 0
node0.cpu0.l2cache, stateEvent_ForceInv_I, , Accumulator, 1787205980, 0, 0, 0, 0, 0, 0
node0.cpu0.l2cache, stateEvent_ForceInv_S, , Accumulator, 1787205980, 0, 0, 0, 0, 0, 0
node0.cpu0.l2cache, stateEvent_ForceInv_M, , Accumulator, 1787205980, 0, 0, 0, 0, 0, 0
node0.cpu0.l2cache, stateEvent_ForceInv_IS, , Accumulator, 1787205980, 0, 0, 0, 0, 0, 0
node0.cpu0.l2cache, stateEvent_ForceInv_IM, , Accumulator, 1787205980, 0, 0, 0, 0, 0, 0
node0.cpu0.l2cache, stateEvent_ForceInv_SM, , Accumulator, 1787205980, 0, 0, 0, 0, 0, 0
node0.cpu0.l2cache, stateEvent_ForceInv_SInv, , Accumulator, 1787205980, 0, 0, 0, 0, 0, 0
node0.cpu0.l2cache, stateEvent_ForceInv_SMInv, , Accumulator, 1787205980, 0, 0, 0, 0, 0, 0
node0.cpu0.l2cache, stateEvent_ForceInv_MInv, , Accumulator, 1787205980, 0, 0, 0, 0, 0, 0
node0.cpu0.l2cache, stateEvent_ForceInv_MInvX, , Accumulator, 1787205980, 0, 0, 0, 0, 0, 0
node0.cpu0.l2cache, stateEvent_ForceInv_IB, , Accumulator, 1787205980, 0, 0, 0, 0, 0, 0
node0.cpu0.l2cache, stateEvent_ForceInv_SB, , Accumulator, 1787205980, 0, 0, 0, 0, 0, 0
node0.cpu0.l2cache, stateEvent_FetchResp_MInv, , Accumulator, 1787205980, 0, 1, 1, 1, 1, 1
node0.cpu0.l2cache, stateEvent_FetchXResp_MInvX, , Accumulator, 1787205980, 0, 0, 0, 0, 0, 0
node0.cpu0.l2cache, stateEvent_AckInv_MInv, , Accumulator, 1787205980, 0, 0, 0, 0, 0, 0
node0.cpu0.l2cache, stateEvent_AckInv_SInv, , Accumulator, 1787205980, 0, 0, 0, 0, 0, 0
node0.cpu0.l2cache, stateEvent_AckInv_SMInv, , Accumulator, 1787205980, 0, 0, 0, 0, 0, 0
node0.cpu0.l2cache, stateEvent_AckInv_SBInv, , Accumulator, 1787205980, 0, 0, 0, 0, 0, 0
node0.cpu0.l2cache, stateEvent_FlushLine_I, , Accumulator, 1787205980, 0, 0, 0, 0, 0, 0
node0.cpu0.l2cache, stateEvent_FlushLine_S, , Accumulator, 1787205980, 0, 0, 0, 0, 0, 0
node0.cpu0.l2cache, stateEvent_FlushLine_M, , Accumulator, 1787205980, 0, 0, 0, 0, 0, 0
node0.cpu0.l2cache, stateEvent_FlushLineInv_I, , Accumulator, 1787205980, 0, 0, 0, 0, 0, 0
node0.cpu0.l2cache, stateEvent_FlushLineInv_S, , Accumulator, 1787205980, 0, 0, 0, 0, 0, 0
node0.cpu0.l2cache, stateEvent_FlushLineInv_M, , Accumulator, 1787205980, 0, 0, 0, 0, 0, 0
node0.cpu0.l2cache, stateEvent_FlushLineResp_I, , Accumulator, 1787205980, 0, 0, 0, 0, 0, 0
node0.cpu0.l2cache, stateEvent_FlushLineResp_IB, , Accumulator, 1787205980, 0, 0, 0, 0, 0, 0
node0.cpu0.l2cache, stateEvent_FlushLineResp_SB, , Accumulator, 1787205980, 0, 0, 0, 0, 0, 0
node0.cpu0.l2cache, eventSent_GetS, , Accumulator, 1787205980, 0, 1653, 1653, 1653, 1, 1
node0.cpu0.l2cache, eventSent_GetX, , Accumulator, 1787205980, 0, 127, 127, 127, 1, 1
node0.cpu0.l2cache, eventSent_GetSX, , Accumulator, 1787205980, 0, 2, 2, 2, 1, 1
node0.cpu0.l2cache, eventSent_Write, , Accumulator, 1787205980, 0, 0, 0, 0, 0, 0
node0.cpu0.l2cache, eventSent_PutS, , Accumulator, 1787205980, 0, 0, 0, 0, 0, 0
node0.cpu0.l2cache, eventSent_PutM, , Accumulator, 1787205980, 0, 0, 0, 0, 0, 0
node0.cpu0.l2cache, eventSent_FlushLine, , Accumulator, 1787205980, 0, 0, 0, 0, 0, 0
node0.cpu0.l2cache, eventSent_FlushLineInv, , Accumulator, 1787205980, 0, 0, 0, 0, 0, 0
node0.cpu0.l2cache, eventSent_FetchResp, , Accumulator, 1787205980, 0, 3, 3, 3, 1, 1
node0.cpu0.l2cache, eventSent_FetchXResp, , Accumulator, 1787205980, 0, 0, 0, 0, 0, 0
node0.cpu0.l2cache, eventSent_AckInv, , Accumulator, 1787205980, 0, 0, 0, 0, 0, 0
node0.cpu0.l2cache, eventSent_NACK, , Accumulator, 1787205980, 0, 0, 0, 0, 0, 0
node0.cpu0.l2cache, eventSent_GetSResp, , Accumulator, 1787205980, 0, 1320, 1320, 1320, 1, 1
node0.cpu0.l2cache, eventSent_GetXResp, , Accumulator, 1787205980, 0, 450, 450, 450, 1, 1
node0.cpu0.l2cache, eventSent_WriteResp, , Accumulator, 1787205980, 0, 0, 0, 0, 0, 0
node0.cpu0.l2cache, eventSent_FlushLineResp, , Accumulator, 1787205980, 0, 0, 0, 0, 0, 0
node0.cpu0.l2cache, eventSent_Fetch, , Accumulator, 1787205980, 0, 0, 0, 0, 0, 0
node0.cpu0.l2cache, eventSent_FetchInv, , Accumulator, 1787205980, 0, 3, 3, 3, 1, 1
node0.cpu0.l2cache, eventSent_ForceInv, , Accumulator, 1787205980, 0, 0, 0, 0, 0, 0
node0.cpu0.l2cache, eventSent_FetchInvX, , Accumulator, 1787205980, 0, 0, 0, 0, 0, 0
node0.cpu0.l2cache, eventSent_Inv, , Accumulator, 1787205980, 0, 0, 0, 0, 0, 0
node0.cpu0.l2cache, eventSent_Put, , Accumulator, 1787205980, 0, 0, 0, 0, 0, 0
node0.cpu0.l2cache, eventSent_Get, , Accumulator, 1787205980, 0, 0, 0, 0, 0, 0
node0.cpu0.l2cache, eventSent_AckMove, , Accumulator, 1787205980, 0, 0, 0, 0, 0, 0
node0.cpu0.l2cache, eventSent_CustomReq, , Accumulator, 1787205980, 0, 0, 0, 0, 0, 0
node0.cpu0.l2cache, eventSent_CustomResp, , Accumulator, 1787205980, 0, 0, 0, 0, 0, 0
node0.cpu0.l2cache, eventSent_CustomAck, , Accumulator, 1787205980, 0, 0, 0, 0, 0, 0
node0.cpu0.l2cache, latency_GetS_hit, , Accumulator, 1787205980, 0, 26522, 107044074, 153, 1, 5589
node0.cpu0.l2cache, latency_GetS_miss, , Accumulator, 1787205980, 0, 2871944, 5894734744, 1515, 631, 5584
node0.cpu0.l2cache, latency_GetS_inv, , Accumulator, 1787205980, 0, 0, 0, 0, 0, 0
node0.cpu0.l2cache, latency_GetX_hit, , Accumulator, 1787205980, 0, 45, 675, 3, 15, 15
node0.cpu0.l2cache, latency_GetX_miss, , Accumulator, 1787205980, 0, 285520, 1062303594, 104, 852, 7462
node0.cpu0.l2cache, latency_GetX_inv, , Accumulator, 1787205980, 0, 0, 0, 0, 0, 0
node0.cpu0.l2cache, latency_GetX_upgrade, , Accumulator, 1787205980, 0, 59482, 213032492, 23, 879, 7434
node0.cpu0.l2cache, latency_GetSX_hit, , Accumulator, 1787205980, 0, 15, 225, 1, 15, 15
node0.cpu0.l2cache, latency_GetSX_miss, , Accumulator, 1787205980, 0, 2397, 2883317, 2, 1126, 1271
node0.cpu0.l2cache, latency_GetSX_inv, , Accumulator, 1787205980, 0, 0, 0, 0, 0, 0
node0.cpu0.l2cache, latency_GetSX_upgrade, , Accumulator, 1787205980, 0, 0, 0, 0, 0, 0
node0.cpu0.l2cache, latency_FlushLine, , Accumulator, 1787205980, 0, 0, 0, 0, 0, 0
node0.cpu0.l2cache, latency_FlushLineInv, , Accumulator, 1787205980, 0, 0, 0, 0, 0, 0
node0.cpu0.l2cache, GetSHit_Arrival, , Accumulator, 1787205980, 0, 143, 143, 143, 1, 1
node0.cpu0.l2cache, GetXHit_Arrival, , Accumulator, 1787205980, 0, 3, 3, 3, 1, 1
node0.cpu0.l2cache, GetSXHit_Arrival, , Accumulator, 1787205980, 0, 1, 1, 1, 1, 1
node0.cpu0.l2cache, GetSHit_Blocked, , Accumulator, 1787205980, 0, 10, 10, 10, 1, 1
node0.cpu0.l2cache, GetXHit_Blocked, , Accumulator, 1787205980, 0, 2, 2, 2, 1, 1
node0.cpu0.l2cache, GetSXHit_Blocked, , Accumulator, 1787205980, 0, 0, 0, 0, 0, 0
node0.cpu0.l2cache, GetSMiss_Arrival, , Accumulator, 1787205980, 0, 1653, 1653, 1653, 1, 1
node0.cpu0.l2cache, GetXMiss_Arrival, , Accumulator, 1787205980, 0, 126, 126, 126, 1, 1
node0.cpu0.l2cache, GetSXMiss_Arrival, , Accumulator, 1787205980, 0, 2, 2, 2, 1, 1
node0.cpu0.l2cache, GetSMiss_Blocked, , Accumulator, 1787205980, 0, 0, 0, 0, 0, 0
node0.cpu0.l2cache, GetXMiss_Blocked, , Accumulator, 1787205980, 0, 1, 1, 1, 1, 1
node0.cpu0.l2cache, GetSXMiss_Blocked, , Accumulator, 1787205980, 0, 0, 0, 0, 0, 0
node0.cpu0.l2cache, CacheHits, , Accumulator, 1787205980, 0, 159, 159, 159, 1, 1
node0.cpu0.l2cache, CacheMisses, , Accumulator, 1787205980, 0, 1782, 1782, 1782, 1, 1
node0.cpu0.l2cache, prefetch_evict, , Accumulator, 1787205980, 0, 0, 0, 0, 0, 0
node0.cpu0.l2cache, prefetch_inv, , Accumulator, 1787205980, 0, 0, 0, 0, 0, 0
node0.cpu0.l2cache, prefetch_useful, , Accumulator, 1787205980, 0, 90, 90, 90, 1, 1
node0.cpu0.l2cache, prefetch_coherence_miss, , Accumulator, 1787205980, 0, 4, 4, 4, 1, 1
node0.cpu0.l2cache, prefetch_redundant, , Accumulator, 1787205980, 0, 33, 33, 33, 1, 1
node0.cpu0.l2cache, stateEvent_AckPut_I, , Accumulator, 1787205980, 0, 0, 0, 0, 0, 0
node0.cpu0.l2cache, evict_E, , Accumulator, 1787205980, 0, 0, 0, 0, 0, 0
node0.cpu0.l2cache, evict_EInv, , Accumulator, 1787205980, 0, 0, 0, 0, 0, 0
node0.cpu0.l2cache, evict_EInvX, , Accumulator, 1787205980, 0, 0, 0, 0, 0, 0
node0.cpu0.l2cache, stateEvent_GetS_E, , Accumulator, 1787205980, 0, 35, 35, 35, 1, 1
node0.cpu0.l2cache, stateEvent_GetX_E, , Accumulator, 1787205980, 0, 4, 4, 4, 1, 1
node0.cpu0.l2cache, stateEvent_GetSX_E, , Accumulator, 1787205980, 0, 0, 0, 0, 0, 0
node0.cpu0.l2cache, stateEvent_PutS_E, , Accumulator, 1787205980, 0, 0, 0, 0, 0, 0
node0.cpu0.l2cache, stateEvent_PutS_EInv, , Accumulator, 1787205980, 0, 0, 0, 0, 0, 0
node0.cpu0.l2cache, stateEvent_PutE_E, , Accumulator, 1787205980, 0, 22, 22, 22, 1, 1
node0.cpu0.l2cache, stateEvent_PutE_M, , Accumulator, 1787205980, 0, 0, 0, 0, 0, 0
node0.cpu0.l2cache, stateEvent_PutE_MInv, , Accumulator, 1787205980, 0, 0, 0, 0, 0, 0
node0.cpu0.l2cache, stateEvent_PutE_MInvX, , Accumulator, 1787205980, 0, 0, 0, 0, 0, 0
node0.cpu0.l2cache, stateEvent_PutE_EInv, , Accumulator, 1787205980, 0, 0, 0, 0, 0, 0
node0.cpu0.l2cache, stateEvent_PutE_EInvX, , Accumulator, 1787205980, 0, 0, 0, 0, 0, 0
node0.cpu0.l2cache, stateEvent_PutM_E, , Accumulator, 1787205980, 0, 6, 6, 6, 1, 1
node0.cpu0.l2cache, stateEvent_PutM_EInv, , Accumulator, 1787205980, 0, 0, 0, 0, 0, 0
node0.cpu0.l2cache, stateEvent_PutM_EInvX, , Accumulator, 1787205980, 0, 0, 0, 0, 0, 0
node0.cpu0.l2cache, stateEvent_PutX_E, , Accumulator, 1787205980, 0, 0, 0, 0, 0, 0
node0.cpu0.l2cache, stateEvent_PutX_EInv, , Accumulator, 1787205980, 0, 0, 0, 0, 0, 0
node0.cpu0.l2cache, stateEvent_PutX_EInvX, , Accumulator, 1787205980, 0, 0, 0, 0, 0, 0
node0.cpu0.l2cache, stateEvent_FetchInvX_E, , Accumulator, 1787205980, 0, 0, 0, 0, 0, 0
node0.cpu0.l2cache, stateEvent_FetchInvX_EInv, , Accumulator, 1787205980, 0, 0, 0, 0, 0, 0
node0.cpu0.l2cache, stateEvent_FetchInvX_EInvX, , Accumulator, 1787205980, 0, 0, 0, 0, 0, 0
node0.cpu0.l2cache, stateEvent_FetchInv_E, , Accumulator, 1787205980, 0, 2, 2, 2, 1, 1
node0.cpu0.l2cache, stateEvent_FetchInv_EInv, , Accumulator, 1787205980, 0, 0, 0, 0, 0, 0
node0.cpu0.l2cache, stateEvent_FetchInv_EInvX, , Accumulator, 1787205980, 0, 0, 0, 0, 0, 0
node0.cpu0.l2cache, stateEvent_ForceInv_E, , Accumulator, 1787205980, 0, 0, 0, 0, 0, 0
node0.cpu0.l2cache, stateEvent_ForceInv_EInv, , Accumulator, 1787205980, 0, 0, 0, 0, 0, 0
node0.cpu0.l2cache, stateEvent_ForceInv_EInvX, , Accumulator, 1787205980, 0, 0, 0, 0, 0, 0
node0.cpu0.l2cache, stateEvent_FetchResp_EInv, , Accumulator, 1787205980, 0, 2, 2, 2, 1, 1
node0.cpu0.l2cache, stateEvent_FetchXResp_EInvX, , Accumulator, 1787205980, 0, 0, 0, 0, 0, 0
node0.cpu0.l2cache, stateEvent_AckInv_EInv, , Accumulator, 1787205980, 0, 0, 0, 0, 0, 0
node0.cpu0.l2cache, stateEvent_FlushLine_E, , Accumulator, 1787205980, 0, 0, 0, 0, 0, 0
node0.cpu0.l2cache, stateEvent_FlushLineInv_E, , Accumulator, 1787205980, 0, 0, 0, 0, 0, 0
node0.cpu0.l2cache, eventSent_PutE, , Accumulator, 1787205980, 0, 0, 0, 0, 0, 0
node0.cpu0.l2cache, TotalEventsReceived, , Accumulator, 1787205980, 0, 3802, 3802, 3802, 1, 1
node0.cpu0.l2cache, TotalEventsReplayed, , Accumulator, 1787205980, 0, 16, 16, 16, 1, 1
node0.cpu0.l2cache, Put_uncache_recv, , Accumulator, 1787205980, 0, 0, 0, 0, 0, 0
node0.cpu0.l2cache, Get_uncache_recv, , Accumulator, 1787205980, 0, 0, 0, 0, 0, 0
node0.cpu0.l2cache, AckMove_uncache_recv, , Accumulator, 1787205980, 0, 0, 0, 0, 0, 0
node0.cpu0.l2cache, GetS_uncache_recv, , Accumulator, 1787205980, 0, 0, 0, 0, 0, 0
node0.cpu0.l2cache, Write_uncache_recv, , Accumulator, 1787205980, 0, 0, 0, 0, 0, 0
node0.cpu0.l2cache, GetSX_uncache_recv, , Accumulator, 1787205980, 0, 0, 0, 0, 0, 0
node0.cpu0.l2cache, GetSResp_uncache_recv, , Accumulator, 1787205980, 0, 0, 0, 0, 0, 0
node0.cpu0.l2cache, WriteResp_uncache_recv, , Accumulator, 1787205980, 0, 0, 0, 0, 0, 0
node0.cpu0.l2cache, CustomReq_uncache_recv, , Accumulator, 1787205980, 0, 0, 0, 0, 0, 0
node0.cpu0.l2cache, CustomResp_uncache_recv, , Accumulator, 1787205980, 0, 0, 0, 0, 0, 0
node0.cpu0.l2cache, CustomAck_uncache_recv, , Accumulator, 1787205980, 0, 0, 0, 0, 0, 0
node0.cpu0.l2cache, NULLCMD_recv, , Accumulator, 1787205980, 0, 0, 0, 0, 0, 0
node0.cpu0.l2cache, GetS_recv, , Accumulator, 1787205980, 0, 1806, 1806, 1806, 1, 1
node0.cpu0.l2cache, GetX_recv, , Accumulator, 1787205980, 0, 132, 132, 132, 1, 1
node0.cpu0.l2cache, GetSX_recv, , Accumulator, 1787205980, 0, 3, 3, 3, 1, 1
node0.cpu0.l2cache, Write_recv, , Accumulator, 1787205980, 0, 0, 0, 0, 0, 0
node0.cpu0.l2cache, FlushLine_recv, , Accumulator, 1787205980, 0, 0, 0, 0, 0, 0
node0.cpu0.l2cache, FlushLineInv_recv, , Accumulator, 1787205980, 0, 0, 0, 0, 0, 0
node0.cpu0.l2cache, GetSResp_recv, , Accumulator, 1787205980, 0, 1340, 1340, 1340, 1, 1
node0.cpu0.l2cache, GetXResp_recv, , Accumulator, 1787205980, 0, 440, 440, 440, 1, 1
node0.cpu0.l2cache, WriteResp_recv, , Accumulator, 1787205980, 0, 0, 0, 0, 0, 0
node0.cpu0.l2cache, FlushLineResp_recv, , Accumulator, 1787205980, 0, 0, 0, 0, 0, 0
node0.cpu0.l2cache, PutS_recv, , Accumulator, 1787205980, 0, 138, 138, 138, 1, 1
node0.cpu0.l2cache, PutM_recv, , Accumulator, 1787205980, 0, 84, 84, 84, 1, 1
node0.cpu0.l2cache, PutE_recv, , Accumulator, 1787205980, 0, 22, 22, 22, 1, 1
node0.cpu0.l2cache, PutX_recv, , Accumulator, 1787205980, 0, 0, 0, 0, 0, 0
node0.cpu0.l2cache, Inv_recv, , Accumulator, 1787205980, 0, 0, 0, 0, 0, 0
node0.cpu0.l2cache, ForceInv_recv, , Accumulator, 1787205980, 0, 0, 0, 0, 0, 0
node0.cpu0.l2cache, Fetch_recv, , Accumulator, 1787205980, 0, 0, 0, 0, 0, 0
node0.cpu0.l2cache, FetchInv_recv, , Accumulator, 1787205980, 0, 3, 3, 3, 1, 1
node0.cpu0.l2cache, FetchInvX_recv, , Accumulator, 1787205980, 0, 0, 0, 0, 0, 0
node0.cpu0.l2cache, FetchResp_recv, , Accumulator, 1787205980, 0, 3, 3, 3, 1, 1
node0.cpu0.l2cache, FetchXResp_recv, , Accumulator, 1787205980, 0, 0, 0, 0, 0, 0
node0.cpu0.l2cache, NACK_recv, , Accumulator, 1787205980, 0, 0, 0, 0, 0, 0
node0.cpu0.l2cache, AckInv_recv, , Accumulator, 1787205980, 0, 0, 0, 0, 0, 0
node0.cpu0.l2cache, AckPut_recv, , Accumulator, 1787205980, 0, 0, 0, 0, 0, 0
node0.cpu0.l2cache, MSHR_occupancy, , Accumulator, 1787205980, 0, 3550365, 16682521, 4108519, 0, 43
node0.cpu0.l2cache, Bank_conflicts, , Accumulator, 1787205980, 0, 0, 0, 0, 0, 0
